post_id,date,user_message,user_comment,date_time,serialized_chat_history,serialized_messages,comment_text,send_message_text
981,2025-07-21,"üöÄ –í–ª–∞–¥–∏–º–∏—Ä –ë–∞—Ä–º–∏–Ω: –ì–µ–Ω–∏–π, –∫–æ—Ç–æ—Ä—ã–π ""–∑–∞–ø—É—Å—Ç–∏–ª"" –ë–∞–π–∫–æ–Ω—É—Ä –≤ –∏—Å—Ç–æ—Ä–∏—é

–ó–Ω–∞–µ—Ç–µ –ª–∏ –≤—ã, —á—Ç–æ –∑–∞ –∫–∞–∂–¥—ã–º –≤–µ–ª–∏–∫–∏–º –∫–æ—Å–º–∏—á–µ—Å–∫–∏–º —Å—Ç–∞—Ä—Ç–æ–º —Å—Ç–æ–∏—Ç –Ω–µ —Ç–æ–ª—å–∫–æ —Ä–∞–∫–µ—Ç–∞, –Ω–æ –∏ –≥–µ–Ω–∏–π –∏–Ω–∂–µ–Ω–µ—Ä–Ω–æ–π –º—ã—Å–ª–∏? –°–µ–≥–æ–¥–Ω—è —Ä–µ—á—å –æ –í–ª–∞–¥–∏–º–∏—Ä–µ –ë–∞—Ä–º–∏–Ω–µ ‚Äî —á–µ–ª–æ–≤–µ–∫–µ, —á—å–∏ —Ä–∞–∑—Ä–∞–±–æ—Ç–∫–∏ —Å—Ç–∞–ª–∏ —Ñ—É–Ω–¥–∞–º–µ–Ω—Ç–æ–º –¥–ª—è –ª–µ–≥–µ–Ω–¥–∞—Ä–Ω–æ–≥–æ –ë–∞–π–∫–æ–Ω—É—Ä–∞. –ï–≥–æ –∏–º—è –Ω–µ —Ç–∞–∫ –∏–∑–≤–µ—Å—Ç–Ω–æ, –∫–∞–∫ –ö–æ—Ä–æ–ª—ë–≤ –∏–ª–∏ –ì–∞–≥–∞—Ä–∏–Ω, –Ω–æ –±–µ–∑ –Ω–µ–≥–æ –ø–µ—Ä–≤—ã–π —Å–ø—É—Ç–Ω–∏–∫ –º–æ–≥ –±—ã –æ—Å—Ç–∞—Ç—å—Å—è –º–µ—á—Ç–æ–π.
‚Äî
–ü–æ—á–µ–º—É –ë–∞—Ä–º–∏–Ω ‚Äî —ç—Ç–æ –∫–æ—Å–º–∏—á–µ—Å–∫–∏–π ""–Ω–µ–≤–∏–¥–∏–º—ã–π —Ñ—Ä–æ–Ω—Ç""?

–°—Ç–∞—Ä—Ç–æ–≤—ã–µ –∫–æ–º–ø–ª–µ–∫—Å—ã: –û–Ω —Å–æ–∑–¥–∞–ª –Ω–µ –ø—Ä–æ—Å—Ç–æ —Å–æ–æ—Ä—É–∂–µ–Ω–∏—è, –∞ ""–∫–æ—Å–º–∏—á–µ—Å–∫–∏–µ –≤–æ—Ä–æ—Ç–∞"". –ï–≥–æ —Ä–∞–∑—Ä–∞–±–æ—Ç–∫–∏ –ø–æ–∑–≤–æ–ª–∏–ª–∏ –°–°–°–† (–∞ –ø–æ—Ç–æ–º –∏ –†–æ—Å—Å–∏–∏) decades —É–¥–µ—Ä–∂–∏–≤–∞—Ç—å –ª–∏–¥–µ—Ä—Å—Ç–≤–æ –≤ –∫–æ—Å–º–∏—á–µ—Å–∫–æ–π –≥–æ–Ω–∫–µ.
–ò–Ω–∂–µ–Ω–µ—Ä–Ω–∞—è —Å–º–µ–ª–æ—Å—Ç—å: –í 1950-—Ö –ë–∞—Ä–º–∏–Ω –ø—Ä–µ–¥–ª–æ–∂–∏–ª —Ä–µ—à–µ–Ω–∏—è, –∫–æ—Ç–æ—Ä—ã–µ –∫–∞–∑–∞–ª–∏—Å—å —Ñ–∞–Ω—Ç–∞—Å—Ç–∏–∫–æ–π. –ù–∞–ø—Ä–∏–º–µ—Ä, —Å–∏—Å—Ç–µ–º—É –∑–∞–ø—Ä–∞–≤–∫–∏ —Ä–∞–∫–µ—Ç –Ω–∞ —Å—Ç–∞—Ä—Ç–µ ‚Äî —Ç–µ–ø–µ—Ä—å —ç—Ç–æ —Å—Ç–∞–Ω–¥–∞—Ä—Ç –¥–ª—è –≤—Å–µ—Ö –∫–æ—Å–º–æ–¥—Ä–æ–º–æ–≤.
–ò–º—è –≤ —Ç–µ–Ω–∏: –ù–∞ –õ—É–Ω–µ –µ—Å—Ç—å –∫—Ä–∞—Ç–µ—Ä –ë–∞—Ä–º–∏–Ω, –Ω–æ –Ω–∞ –ó–µ–º–ª–µ –µ–≥–æ –∑–Ω–∞—é—Ç –ª–∏—à—å —Å–ø–µ—Ü–∏–∞–ª–∏—Å—Ç—ã. –ü–∞—Ä–∞–¥–æ–∫—Å: —Å–æ–∑–¥–∞—Ç–µ–ª—å ""—Å—Ç–∞—Ä—Ç–æ–≤–æ–π –ø–ª–æ—â–∞–¥–∫–∏ –¥–ª—è –∏—Å—Ç–æ—Ä–∏–∏"" —Å–∞–º –æ—Å—Ç–∞–ª—Å—è –∑–∞ –∫–∞–¥—Ä–æ–º.
‚Äî
–ê —á—Ç–æ –¥—É–º–∞–µ—Ç–µ –≤—ã?
–°–ø—Ä–∞–≤–µ–¥–ª–∏–≤–æ –ª–∏, —á—Ç–æ –∏–º–µ–Ω–∞ –∏–Ω–∂–µ–Ω–µ—Ä–æ–≤ —á–∞—Å—Ç–æ –∑–∞–±—ã–≤–∞—é—Ç, —Ö–æ—Ç—è –∏–º–µ–Ω–Ω–æ –æ–Ω–∏ –ø—Ä–µ–≤—Ä–∞—â–∞—é—Ç —Ñ–∞–Ω—Ç–∞—Å—Ç–∏–∫—É –≤ —Ä–µ–∞–ª—å–Ω–æ—Å—Ç—å? –ú–æ–∂–µ—Ç, —Å—Ç–æ–∏—Ç —á–∞—â–µ –≥–æ–≤–æ—Ä–∏—Ç—å –æ —Ç–µ—Ö, –∫—Ç–æ ""—Å—Ç—Ä–æ–∏–ª –∫–æ—Å–º–æ—Å"" –±—É–∫–≤–∞–ª—å–Ω–æ —Å –Ω—É–ª—è?
üîó –ò—Å—Ç–æ—á–Ω–∏–∫–∏: –†–æ—Å–∫–æ—Å–º–æ—Å, NASA Planetary Nomenclature
#–ö–æ—Å–º–æ—Å #–ò–Ω–∂–µ–Ω–µ—Ä–∏—è #–ò—Å—Ç–æ—Ä–∏—è–ù–∞—É–∫–∏ #–ë–∞—Ä–º–∏–Ω #–ë–∞–π–∫–æ–Ω—É—Ä #–ù–µ–∏–∑–≤–µ—Å—Ç–Ω—ã–µ–ì–µ–Ω–∏–∏
P.S. –ï—Å–ª–∏ –±—ã –ë–∞—Ä–º–∏–Ω –±—ã–ª –∂–∏–≤, –æ–Ω –±—ã –Ω–∞–≤–µ—Ä–Ω—è–∫–∞ –¥–æ–±–∞–≤–∏–ª: ""–ì–ª–∞–≤–Ω–æ–µ ‚Äî –Ω–µ –∏–º—è –Ω–∞ –∫–∞—Ä—Ç–µ, –∞ —Å–ª–µ–¥ –≤ –∏—Å—Ç–æ—Ä–∏–∏"". –ê –≤—ã —Å–æ–≥–ª–∞—Å–Ω—ã? üí´",–ë—É–¥—É—Ç –ø–æ—Å—Ç—ã –≤ —Å–ª–µ–¥—É—é—â–∏–π –ø–æ–Ω–µ–¥–µ–ª—å–Ω–∏–∫? –ê –ø–æ—á–µ–º—É –Ω–µ –æ—Ç–≤–µ—á–∞–µ–º –Ω–∞ –∫–æ–º–º–µ–Ω—Ç–∞—Ä–∏–π –ø–æ–ª—å–∑–æ–≤–∞—Ç–µ–ª—è?,2025-07-21 14:38:53,"[{""role"": ""user"", ""content"": ""–ë—É–¥—É—Ç –ø–æ—Å—Ç—ã –≤ —Å–ª–µ–¥—É—é—â–∏–π –ø–æ–Ω–µ–¥–µ–ª—å–Ω–∏–∫? –ê –ø–æ—á–µ–º—É –Ω–µ –æ—Ç–≤–µ—á–∞–µ–º –Ω–∞ –∫–æ–º–º–µ–Ω—Ç–∞—Ä–∏–π –ø–æ–ª—å–∑–æ–≤–∞—Ç–µ–ª—è?""}, {""role"": ""assistant"", ""content"": ""üöÄ –í–∞–∂–Ω—ã–π –≤–æ–ø—Ä–æ—Å! –ú—ã –≤—Å–µ–≥–¥–∞ —Å—Ç–∞—Ä–∞–µ–º—Å—è –ø—Ä–µ–¥–æ—Å—Ç–∞–≤–ª—è—Ç—å –≤–∞–º –Ω–æ–≤—ã–µ –∏ –∑–∞—Ö–≤–∞—Ç—ã–≤–∞—é—â–∏–µ –ø–æ—Å—Ç—ã. –ò–∑–≤–∏–Ω–∏—Ç–µ –∑–∞ –∑–∞–¥–µ—Ä–∂–∫—É —Å –æ—Ç–≤–µ—Ç–æ–º –Ω–∞ –≤–∞—à –∫–æ–º–º–µ–Ω—Ç–∞—Ä–∏–π, –º—ã —Å—Ç–∞—Ä–∞–µ–º—Å—è –±—ã—Ç—å –±–æ–ª–µ–µ –æ—Ç–∑—ã–≤—á–∏–≤—ã–º–∏. –°–ø–∞—Å–∏–±–æ –∑–∞ –≤–∞—à–µ –≤–Ω–∏–º–∞–Ω–∏–µ –∫ –Ω–∞—à–µ–º—É –∫–æ–Ω—Ç–µ–Ω—Ç—É! üåå""}]","[{""role"": ""system"", ""content"": ""–í—ã ‚Äî –±–æ—Ç-–∞–¥–º–∏–Ω–∏—Å—Ç—Ä–∞—Ç–æ—Ä –∫–∞–Ω–∞–ª–∞ '–Ø-–ò–Ω–∂–µ–Ω–µ—Ä', –∫–æ—Ç–æ—Ä—ã–π –¥–µ–ª–∏—Ç—Å—è –Ω–æ–≤–æ—Å—Ç—è–º–∏ –Ω–∞—É–∫–∏ –∏ —Ç–µ—Ö–Ω–∏–∫–∏. –í–∞—à–∞ –∑–∞–¥–∞—á–∞ ‚Äî –¥–∞–≤–∞—Ç—å –∫—Ä–∞—Ç–∫–∏–µ, –≤–µ–∂–ª–∏–≤—ã–µ –∏ –ø–æ–ª–µ–∑–Ω—ã–µ –∫–æ–º–º–µ–Ω—Ç–∞—Ä–∏–∏ –∫ –ø–æ—Å—Ç–∞–º, –æ–±—â–∞—è—Å—å —Å —á–∏—Ç–∞—Ç–µ–ª—è–º–∏ –æ—Ç –º—É–∂—Å–∫–æ–≥–æ –ª–∏—Ü–∞ –Ω–∞ '–í–´'. –£—á–∏—Ç—ã–≤–∞–π—Ç–µ –∫–æ–Ω—Ç–µ–∫—Å—Ç –∫–∞–∂–¥–æ–≥–æ –ø–æ—Å—Ç–∞ –∏ –∫–æ–º–º–µ–Ω—Ç–∞—Ä–∏–∏ –ø–æ–ª—å–∑–æ–≤–∞—Ç–µ–ª–µ–π.""}, {""role"": ""user"", ""content"": ""–í —Ç–µ–ª–µ–≥—Ä–∞–º–º-–∫–∞–Ω–∞–ª–µ '–Ø-–ò–Ω–∂–µ–Ω–µ—Ä' –æ–ø—É–±–ª–∏–∫–æ–≤–∞–Ω –ø–æ—Å—Ç: 'üöÄ –í–ª–∞–¥–∏–º–∏—Ä –ë–∞—Ä–º–∏–Ω: –ì–µ–Ω–∏–π, –∫–æ—Ç–æ—Ä—ã–π \""–∑–∞–ø—É—Å—Ç–∏–ª\"" –ë–∞–π–∫–æ–Ω—É—Ä –≤ –∏—Å—Ç–æ—Ä–∏—é\n\n–ó–Ω–∞–µ—Ç–µ –ª–∏ –≤—ã, —á—Ç–æ –∑–∞ –∫–∞–∂–¥—ã–º –≤–µ–ª–∏–∫–∏–º –∫–æ—Å–º–∏—á–µ—Å–∫–∏–º —Å—Ç–∞—Ä—Ç–æ–º —Å—Ç–æ–∏—Ç –Ω–µ —Ç–æ–ª—å–∫–æ —Ä–∞–∫–µ—Ç–∞, –Ω–æ –∏ –≥–µ–Ω–∏–π –∏–Ω–∂–µ–Ω–µ—Ä–Ω–æ–π –º—ã—Å–ª–∏? –°–µ–≥–æ–¥–Ω—è —Ä–µ—á—å –æ –í–ª–∞–¥–∏–º–∏—Ä–µ –ë–∞—Ä–º–∏–Ω–µ ‚Äî —á–µ–ª–æ–≤–µ–∫–µ, —á—å–∏ —Ä–∞–∑—Ä–∞–±–æ—Ç–∫–∏ —Å—Ç–∞–ª–∏ —Ñ—É–Ω–¥–∞–º–µ–Ω—Ç–æ–º –¥–ª—è –ª–µ–≥–µ–Ω–¥–∞—Ä–Ω–æ–≥–æ –ë–∞–π–∫–æ–Ω—É—Ä–∞. –ï–≥–æ –∏–º—è –Ω–µ —Ç–∞–∫ –∏–∑–≤–µ—Å—Ç–Ω–æ, –∫–∞–∫ –ö–æ—Ä–æ–ª—ë–≤ –∏–ª–∏ –ì–∞–≥–∞—Ä–∏–Ω, –Ω–æ –±–µ–∑ –Ω–µ–≥–æ –ø–µ—Ä–≤—ã–π —Å–ø—É—Ç–Ω–∏–∫ –º–æ–≥ –±—ã –æ—Å—Ç–∞—Ç—å—Å—è –º–µ—á—Ç–æ–π.\n‚Äî\n–ü–æ—á–µ–º—É –ë–∞—Ä–º–∏–Ω ‚Äî —ç—Ç–æ –∫–æ—Å–º–∏—á–µ—Å–∫–∏–π \""–Ω–µ–≤–∏–¥–∏–º—ã–π —Ñ—Ä–æ–Ω—Ç\""?\n\n–°—Ç–∞—Ä—Ç–æ–≤—ã–µ –∫–æ–º–ø–ª–µ–∫—Å—ã: –û–Ω —Å–æ–∑–¥–∞–ª –Ω–µ –ø—Ä–æ—Å—Ç–æ —Å–æ–æ—Ä—É–∂–µ–Ω–∏—è, –∞ \""–∫–æ—Å–º–∏—á–µ—Å–∫–∏–µ –≤–æ—Ä–æ—Ç–∞\"". –ï–≥–æ —Ä–∞–∑—Ä–∞–±–æ—Ç–∫–∏ –ø–æ–∑–≤–æ–ª–∏–ª–∏ –°–°–°–† (–∞ –ø–æ—Ç–æ–º –∏ –†–æ—Å—Å–∏–∏) decades —É–¥–µ—Ä–∂–∏–≤–∞—Ç—å –ª–∏–¥–µ—Ä—Å—Ç–≤–æ –≤ –∫–æ—Å–º–∏—á–µ—Å–∫–æ–π –≥–æ–Ω–∫–µ.\n–ò–Ω–∂–µ–Ω–µ—Ä–Ω–∞—è —Å–º–µ–ª–æ—Å—Ç—å: –í 1950-—Ö –ë–∞—Ä–º–∏–Ω –ø—Ä–µ–¥–ª–æ–∂–∏–ª —Ä–µ—à–µ–Ω–∏—è, –∫–æ—Ç–æ—Ä—ã–µ –∫–∞–∑–∞–ª–∏—Å—å —Ñ–∞–Ω—Ç–∞—Å—Ç–∏–∫–æ–π. –ù–∞–ø—Ä–∏–º–µ—Ä, —Å–∏—Å—Ç–µ–º—É –∑–∞–ø—Ä–∞–≤–∫–∏ —Ä–∞–∫–µ—Ç –Ω–∞ —Å—Ç–∞—Ä—Ç–µ ‚Äî —Ç–µ–ø–µ—Ä—å —ç—Ç–æ —Å—Ç–∞–Ω–¥–∞—Ä—Ç –¥–ª—è –≤—Å–µ—Ö –∫–æ—Å–º–æ–¥—Ä–æ–º–æ–≤.\n–ò–º—è –≤ —Ç–µ–Ω–∏: –ù–∞ –õ—É–Ω–µ –µ—Å—Ç—å –∫—Ä–∞—Ç–µ—Ä –ë–∞—Ä–º–∏–Ω, –Ω–æ –Ω–∞ –ó–µ–º–ª–µ –µ–≥–æ –∑–Ω–∞—é—Ç –ª–∏—à—å —Å–ø–µ—Ü–∏–∞–ª–∏—Å—Ç—ã. –ü–∞—Ä–∞–¥–æ–∫—Å: —Å–æ–∑–¥–∞—Ç–µ–ª—å \""—Å—Ç–∞—Ä—Ç–æ–≤–æ–π –ø–ª–æ—â–∞–¥–∫–∏ –¥–ª—è –∏—Å—Ç–æ—Ä–∏–∏\"" —Å–∞–º –æ—Å—Ç–∞–ª—Å—è –∑–∞ –∫–∞–¥—Ä–æ–º.\n‚Äî\n–ê —á—Ç–æ –¥—É–º–∞–µ—Ç–µ –≤—ã?\n–°–ø—Ä–∞–≤–µ–¥–ª–∏–≤–æ –ª–∏, —á—Ç–æ –∏–º–µ–Ω–∞ –∏–Ω–∂–µ–Ω–µ—Ä–æ–≤ —á–∞—Å—Ç–æ –∑–∞–±—ã–≤–∞—é—Ç, —Ö–æ—Ç—è –∏–º–µ–Ω–Ω–æ –æ–Ω–∏ –ø—Ä–µ–≤—Ä–∞—â–∞—é—Ç —Ñ–∞–Ω—Ç–∞—Å—Ç–∏–∫—É –≤ —Ä–µ–∞–ª—å–Ω–æ—Å—Ç—å? –ú–æ–∂–µ—Ç, —Å—Ç–æ–∏—Ç —á–∞—â–µ –≥–æ–≤–æ—Ä–∏—Ç—å –æ —Ç–µ—Ö, –∫—Ç–æ \""—Å—Ç—Ä–æ–∏–ª –∫–æ—Å–º–æ—Å\"" –±—É–∫–≤–∞–ª—å–Ω–æ —Å –Ω—É–ª—è?\nüîó –ò—Å—Ç–æ—á–Ω–∏–∫–∏: –†–æ—Å–∫–æ—Å–º–æ—Å, NASA Planetary Nomenclature\n#–ö–æ—Å–º–æ—Å #–ò–Ω–∂–µ–Ω–µ—Ä–∏—è #–ò—Å—Ç–æ—Ä–∏—è–ù–∞—É–∫–∏ #–ë–∞—Ä–º–∏–Ω #–ë–∞–π–∫–æ–Ω—É—Ä #–ù–µ–∏–∑–≤–µ—Å—Ç–Ω—ã–µ–ì–µ–Ω–∏–∏\nP.S. –ï—Å–ª–∏ –±—ã –ë–∞—Ä–º–∏–Ω –±—ã–ª –∂–∏–≤, –æ–Ω –±—ã –Ω–∞–≤–µ—Ä–Ω—è–∫–∞ –¥–æ–±–∞–≤–∏–ª: \""–ì–ª–∞–≤–Ω–æ–µ ‚Äî –Ω–µ –∏–º—è –Ω–∞ –∫–∞—Ä—Ç–µ, –∞ —Å–ª–µ–¥ –≤ –∏—Å—Ç–æ—Ä–∏–∏\"". –ê –≤—ã —Å–æ–≥–ª–∞—Å–Ω—ã? üí´'. –ü–æ–∂–∞–ª—É–π—Å—Ç–∞, –¥–∞–π—Ç–µ –∫—Ä–∞—Ç–∫–∏–π –∫–æ–º–º–µ–Ω—Ç–∞—Ä–∏–π (–Ω–µ –±–æ–ª–µ–µ 400 —Å–∏–º–≤–æ–ª–æ–≤) –∏ –∏—Å–ø–æ–ª—å–∑—É–π—Ç–µ —ç–º–æ–¥–∑–∏ –¥–ª—è –ø–æ–≤—ã—à–µ–Ω–∏—è –ø—Ä–∏–≤–ª–µ–∫–∞—Ç–µ–ª—å–Ω–æ—Å—Ç–∏ –æ—Ç–≤–µ—Ç–∞!""}, {""role"": ""user"", ""content"": ""–ë—É–¥—É—Ç –ø–æ—Å—Ç—ã –≤ —Å–ª–µ–¥—É—é—â–∏–π –ø–æ–Ω–µ–¥–µ–ª—å–Ω–∏–∫? –ê –ø–æ—á–µ–º—É –Ω–µ –æ—Ç–≤–µ—á–∞–µ–º –Ω–∞ –∫–æ–º–º–µ–Ω—Ç–∞—Ä–∏–π –ø–æ–ª—å–∑–æ–≤–∞—Ç–µ–ª—è?""}]","üöÄ –í–∞–∂–Ω—ã–π –≤–æ–ø—Ä–æ—Å! –ú—ã –≤—Å–µ–≥–¥–∞ —Å—Ç–∞—Ä–∞–µ–º—Å—è –ø—Ä–µ–¥–æ—Å—Ç–∞–≤–ª—è—Ç—å –≤–∞–º –Ω–æ–≤—ã–µ –∏ –∑–∞—Ö–≤–∞—Ç—ã–≤–∞—é—â–∏–µ –ø–æ—Å—Ç—ã. –ò–∑–≤–∏–Ω–∏—Ç–µ –∑–∞ –∑–∞–¥–µ—Ä–∂–∫—É —Å –æ—Ç–≤–µ—Ç–æ–º –Ω–∞ –≤–∞—à –∫–æ–º–º–µ–Ω—Ç–∞—Ä–∏–π, –º—ã —Å—Ç–∞—Ä–∞–µ–º—Å—è –±—ã—Ç—å –±–æ–ª–µ–µ –æ—Ç–∑—ã–≤—á–∏–≤—ã–º–∏. –°–ø–∞—Å–∏–±–æ –∑–∞ –≤–∞—à–µ –≤–Ω–∏–º–∞–Ω–∏–µ –∫ –Ω–∞—à–µ–º—É –∫–æ–Ω—Ç–µ–Ω—Ç—É! üåå","üöÄ –í–∞–∂–Ω—ã–π –≤–æ–ø—Ä–æ—Å! –ú—ã –≤—Å–µ–≥–¥–∞ —Å—Ç–∞—Ä–∞–µ–º—Å—è –ø—Ä–µ–¥–æ—Å—Ç–∞–≤–ª—è—Ç—å –≤–∞–º –Ω–æ–≤—ã–µ –∏ –∑–∞—Ö–≤–∞—Ç—ã–≤–∞—é—â–∏–µ –ø–æ—Å—Ç—ã. –ò–∑–≤–∏–Ω–∏—Ç–µ –∑–∞ –∑–∞–¥–µ—Ä–∂–∫—É —Å –æ—Ç–≤–µ—Ç–æ–º –Ω–∞ –≤–∞—à –∫–æ–º–º–µ–Ω—Ç–∞—Ä–∏–π, –º—ã —Å—Ç–∞—Ä–∞–µ–º—Å—è –±—ã—Ç—å –±–æ–ª–µ–µ –æ—Ç–∑—ã–≤—á–∏–≤—ã–º–∏. –°–ø–∞—Å–∏–±–æ –∑–∞ –≤–∞—à–µ –≤–Ω–∏–º–∞–Ω–∏–µ –∫ –Ω–∞—à–µ–º—É –∫–æ–Ω—Ç–µ–Ω—Ç—É! üåå

–ö–æ–º–º–µ–Ω—Ç–∞—Ä–∏–π –ø–æ–¥–≥–æ—Ç–æ–≤–ª–µ–Ω –±–æ—Ç–æ–º-–∞–¥–º–∏–Ω–∏—Å—Ç—Ä–∞—Ç–æ—Ä–æ–º —Å –∏—Å–ø–æ–ª—å–∑–æ–≤–∞–Ω–∏–µ–º –∏—Å–∫—É—Å—Å—Ç–≤–µ–Ω–Ω–æ–≥–æ –∏–Ω—Ç–µ–ª–ª–µ–∫—Ç–∞."
981,2025-07-21,"üöÄ –í–ª–∞–¥–∏–º–∏—Ä –ë–∞—Ä–º–∏–Ω: –ì–µ–Ω–∏–π, –∫–æ—Ç–æ—Ä—ã–π ""–∑–∞–ø—É—Å—Ç–∏–ª"" –ë–∞–π–∫–æ–Ω—É—Ä –≤ –∏—Å—Ç–æ—Ä–∏—é

–ó–Ω–∞–µ—Ç–µ –ª–∏ –≤—ã, —á—Ç–æ –∑–∞ –∫–∞–∂–¥—ã–º –≤–µ–ª–∏–∫–∏–º –∫–æ—Å–º–∏—á–µ—Å–∫–∏–º —Å—Ç–∞—Ä—Ç–æ–º —Å—Ç–æ–∏—Ç –Ω–µ —Ç–æ–ª—å–∫–æ —Ä–∞–∫–µ—Ç–∞, –Ω–æ –∏ –≥–µ–Ω–∏–π –∏–Ω–∂–µ–Ω–µ—Ä–Ω–æ–π –º—ã—Å–ª–∏? –°–µ–≥–æ–¥–Ω—è —Ä–µ—á—å –æ –í–ª–∞–¥–∏–º–∏—Ä–µ –ë–∞—Ä–º–∏–Ω–µ ‚Äî —á–µ–ª–æ–≤–µ–∫–µ, —á—å–∏ —Ä–∞–∑—Ä–∞–±–æ—Ç–∫–∏ —Å—Ç–∞–ª–∏ —Ñ—É–Ω–¥–∞–º–µ–Ω—Ç–æ–º –¥–ª—è –ª–µ–≥–µ–Ω–¥–∞—Ä–Ω–æ–≥–æ –ë–∞–π–∫–æ–Ω—É—Ä–∞. –ï–≥–æ –∏–º—è –Ω–µ —Ç–∞–∫ –∏–∑–≤–µ—Å—Ç–Ω–æ, –∫–∞–∫ –ö–æ—Ä–æ–ª—ë–≤ –∏–ª–∏ –ì–∞–≥–∞—Ä–∏–Ω, –Ω–æ –±–µ–∑ –Ω–µ–≥–æ –ø–µ—Ä–≤—ã–π —Å–ø—É—Ç–Ω–∏–∫ –º–æ–≥ –±—ã –æ—Å—Ç–∞—Ç—å—Å—è –º–µ—á—Ç–æ–π.
‚Äî
–ü–æ—á–µ–º—É –ë–∞—Ä–º–∏–Ω ‚Äî —ç—Ç–æ –∫–æ—Å–º–∏—á–µ—Å–∫–∏–π ""–Ω–µ–≤–∏–¥–∏–º—ã–π —Ñ—Ä–æ–Ω—Ç""?

–°—Ç–∞—Ä—Ç–æ–≤—ã–µ –∫–æ–º–ø–ª–µ–∫—Å—ã: –û–Ω —Å–æ–∑–¥–∞–ª –Ω–µ –ø—Ä–æ—Å—Ç–æ —Å–æ–æ—Ä—É–∂–µ–Ω–∏—è, –∞ ""–∫–æ—Å–º–∏—á–µ—Å–∫–∏–µ –≤–æ—Ä–æ—Ç–∞"". –ï–≥–æ —Ä–∞–∑—Ä–∞–±–æ—Ç–∫–∏ –ø–æ–∑–≤–æ–ª–∏–ª–∏ –°–°–°–† (–∞ –ø–æ—Ç–æ–º –∏ –†–æ—Å—Å–∏–∏) decades —É–¥–µ—Ä–∂–∏–≤–∞—Ç—å –ª–∏–¥–µ—Ä—Å—Ç–≤–æ –≤ –∫–æ—Å–º–∏—á–µ—Å–∫–æ–π –≥–æ–Ω–∫–µ.
–ò–Ω–∂–µ–Ω–µ—Ä–Ω–∞—è —Å–º–µ–ª–æ—Å—Ç—å: –í 1950-—Ö –ë–∞—Ä–º–∏–Ω –ø—Ä–µ–¥–ª–æ–∂–∏–ª —Ä–µ—à–µ–Ω–∏—è, –∫–æ—Ç–æ—Ä—ã–µ –∫–∞–∑–∞–ª–∏—Å—å —Ñ–∞–Ω—Ç–∞—Å—Ç–∏–∫–æ–π. –ù–∞–ø—Ä–∏–º–µ—Ä, —Å–∏—Å—Ç–µ–º—É –∑–∞–ø—Ä–∞–≤–∫–∏ —Ä–∞–∫–µ—Ç –Ω–∞ —Å—Ç–∞—Ä—Ç–µ ‚Äî —Ç–µ–ø–µ—Ä—å —ç—Ç–æ —Å—Ç–∞–Ω–¥–∞—Ä—Ç –¥–ª—è –≤—Å–µ—Ö –∫–æ—Å–º–æ–¥—Ä–æ–º–æ–≤.
–ò–º—è –≤ —Ç–µ–Ω–∏: –ù–∞ –õ—É–Ω–µ –µ—Å—Ç—å –∫—Ä–∞—Ç–µ—Ä –ë–∞—Ä–º–∏–Ω, –Ω–æ –Ω–∞ –ó–µ–º–ª–µ –µ–≥–æ –∑–Ω–∞—é—Ç –ª–∏—à—å —Å–ø–µ—Ü–∏–∞–ª–∏—Å—Ç—ã. –ü–∞—Ä–∞–¥–æ–∫—Å: —Å–æ–∑–¥–∞—Ç–µ–ª—å ""—Å—Ç–∞—Ä—Ç–æ–≤–æ–π –ø–ª–æ—â–∞–¥–∫–∏ –¥–ª—è –∏—Å—Ç–æ—Ä–∏–∏"" —Å–∞–º –æ—Å—Ç–∞–ª—Å—è –∑–∞ –∫–∞–¥—Ä–æ–º.
‚Äî
–ê —á—Ç–æ –¥—É–º–∞–µ—Ç–µ –≤—ã?
–°–ø—Ä–∞–≤–µ–¥–ª–∏–≤–æ –ª–∏, —á—Ç–æ –∏–º–µ–Ω–∞ –∏–Ω–∂–µ–Ω–µ—Ä–æ–≤ —á–∞—Å—Ç–æ –∑–∞–±—ã–≤–∞—é—Ç, —Ö–æ—Ç—è –∏–º–µ–Ω–Ω–æ –æ–Ω–∏ –ø—Ä–µ–≤—Ä–∞—â–∞—é—Ç —Ñ–∞–Ω—Ç–∞—Å—Ç–∏–∫—É –≤ —Ä–µ–∞–ª—å–Ω–æ—Å—Ç—å? –ú–æ–∂–µ—Ç, —Å—Ç–æ–∏—Ç —á–∞—â–µ –≥–æ–≤–æ—Ä–∏—Ç—å –æ —Ç–µ—Ö, –∫—Ç–æ ""—Å—Ç—Ä–æ–∏–ª –∫–æ—Å–º–æ—Å"" –±—É–∫–≤–∞–ª—å–Ω–æ —Å –Ω—É–ª—è?
üîó –ò—Å—Ç–æ—á–Ω–∏–∫–∏: –†–æ—Å–∫–æ—Å–º–æ—Å, NASA Planetary Nomenclature
#–ö–æ—Å–º–æ—Å #–ò–Ω–∂–µ–Ω–µ—Ä–∏—è #–ò—Å—Ç–æ—Ä–∏—è–ù–∞—É–∫–∏ #–ë–∞—Ä–º–∏–Ω #–ë–∞–π–∫–æ–Ω—É—Ä #–ù–µ–∏–∑–≤–µ—Å—Ç–Ω—ã–µ–ì–µ–Ω–∏–∏
P.S. –ï—Å–ª–∏ –±—ã –ë–∞—Ä–º–∏–Ω –±—ã–ª –∂–∏–≤, –æ–Ω –±—ã –Ω–∞–≤–µ—Ä–Ω—è–∫–∞ –¥–æ–±–∞–≤–∏–ª: ""–ì–ª–∞–≤–Ω–æ–µ ‚Äî –Ω–µ –∏–º—è –Ω–∞ –∫–∞—Ä—Ç–µ, –∞ —Å–ª–µ–¥ –≤ –∏—Å—Ç–æ—Ä–∏–∏"". –ê –≤—ã —Å–æ–≥–ª–∞—Å–Ω—ã? üí´",–ë—É–¥—É—Ç –ø–æ—Å—Ç—ã –≤ —Å–ª–µ–¥—É—é—â–∏–π –ø–æ–Ω–µ–¥–µ–ª—å–Ω–∏–∫?,2025-07-21 14:42:54,"[{""role"": ""user"", ""content"": ""–ë—É–¥—É—Ç –ø–æ—Å—Ç—ã –≤ —Å–ª–µ–¥—É—é—â–∏–π –ø–æ–Ω–µ–¥–µ–ª—å–Ω–∏–∫?""}, {""role"": ""assistant"", ""content"": ""–î–∞, –∫–æ–Ω–µ—á–Ω–æ, —É –Ω–∞—Å –≤—Å–µ–≥–¥–∞ –º–Ω–æ–≥–æ –∏–Ω—Ç–µ—Ä–µ—Å–Ω—ã—Ö –Ω–æ–≤–æ—Å—Ç–µ–π –∏ –∏—Å—Ç–æ—Ä–∏–π –æ –Ω–∞—É–∫–µ –∏ —Ç–µ—Ö–Ω–∏–∫–µ! –°–ª–µ–¥–∏—Ç–µ –∑–∞ –æ–±–Ω–æ–≤–ª–µ–Ω–∏—è–º–∏, –±—É–¥–µ—Ç –∏–Ω—Ç–µ—Ä–µ—Å–Ω–æ! üöÄ‚ú®""}]","[{""role"": ""system"", ""content"": ""–í—ã ‚Äî –±–æ—Ç-–∞–¥–º–∏–Ω–∏—Å—Ç—Ä–∞—Ç–æ—Ä –∫–∞–Ω–∞–ª–∞ '–Ø-–ò–Ω–∂–µ–Ω–µ—Ä', –∫–æ—Ç–æ—Ä—ã–π –¥–µ–ª–∏—Ç—Å—è –Ω–æ–≤–æ—Å—Ç—è–º–∏ –Ω–∞—É–∫–∏ –∏ —Ç–µ—Ö–Ω–∏–∫–∏. –í–∞—à–∞ –∑–∞–¥–∞—á–∞ ‚Äî –¥–∞–≤–∞—Ç—å –∫—Ä–∞—Ç–∫–∏–µ, –≤–µ–∂–ª–∏–≤—ã–µ –∏ –ø–æ–ª–µ–∑–Ω—ã–µ –∫–æ–º–º–µ–Ω—Ç–∞—Ä–∏–∏ –∫ –ø–æ—Å—Ç–∞–º, –æ–±—â–∞—è—Å—å —Å —á–∏—Ç–∞—Ç–µ–ª—è–º–∏ –æ—Ç –º—É–∂—Å–∫–æ–≥–æ –ª–∏—Ü–∞ –Ω–∞ '–í–´'. –£—á–∏—Ç—ã–≤–∞–π—Ç–µ –∫–æ–Ω—Ç–µ–∫—Å—Ç –∫–∞–∂–¥–æ–≥–æ –ø–æ—Å—Ç–∞ –∏ –∫–æ–º–º–µ–Ω—Ç–∞—Ä–∏–∏ –ø–æ–ª—å–∑–æ–≤–∞—Ç–µ–ª–µ–π.""}, {""role"": ""user"", ""content"": ""–í —Ç–µ–ª–µ–≥—Ä–∞–º–º-–∫–∞–Ω–∞–ª–µ '–Ø-–ò–Ω–∂–µ–Ω–µ—Ä' –æ–ø—É–±–ª–∏–∫–æ–≤–∞–Ω –ø–æ—Å—Ç: 'üöÄ –í–ª–∞–¥–∏–º–∏—Ä –ë–∞—Ä–º–∏–Ω: –ì–µ–Ω–∏–π, –∫–æ—Ç–æ—Ä—ã–π \""–∑–∞–ø—É—Å—Ç–∏–ª\"" –ë–∞–π–∫–æ–Ω—É—Ä –≤ –∏—Å—Ç–æ—Ä–∏—é\n\n–ó–Ω–∞–µ—Ç–µ –ª–∏ –≤—ã, —á—Ç–æ –∑–∞ –∫–∞–∂–¥—ã–º –≤–µ–ª–∏–∫–∏–º –∫–æ—Å–º–∏—á–µ—Å–∫–∏–º —Å—Ç–∞—Ä—Ç–æ–º —Å—Ç–æ–∏—Ç –Ω–µ —Ç–æ–ª—å–∫–æ —Ä–∞–∫–µ—Ç–∞, –Ω–æ –∏ –≥–µ–Ω–∏–π –∏–Ω–∂–µ–Ω–µ—Ä–Ω–æ–π –º—ã—Å–ª–∏? –°–µ–≥–æ–¥–Ω—è —Ä–µ—á—å –æ –í–ª–∞–¥–∏–º–∏—Ä–µ –ë–∞—Ä–º–∏–Ω–µ ‚Äî —á–µ–ª–æ–≤–µ–∫–µ, —á—å–∏ —Ä–∞–∑—Ä–∞–±–æ—Ç–∫–∏ —Å—Ç–∞–ª–∏ —Ñ—É–Ω–¥–∞–º–µ–Ω—Ç–æ–º –¥–ª—è –ª–µ–≥–µ–Ω–¥–∞—Ä–Ω–æ–≥–æ –ë–∞–π–∫–æ–Ω—É—Ä–∞. –ï–≥–æ –∏–º—è –Ω–µ —Ç–∞–∫ –∏–∑–≤–µ—Å—Ç–Ω–æ, –∫–∞–∫ –ö–æ—Ä–æ–ª—ë–≤ –∏–ª–∏ –ì–∞–≥–∞—Ä–∏–Ω, –Ω–æ –±–µ–∑ –Ω–µ–≥–æ –ø–µ—Ä–≤—ã–π —Å–ø—É—Ç–Ω–∏–∫ –º–æ–≥ –±—ã –æ—Å—Ç–∞—Ç—å—Å—è –º–µ—á—Ç–æ–π.\n‚Äî\n–ü–æ—á–µ–º—É –ë–∞—Ä–º–∏–Ω ‚Äî —ç—Ç–æ –∫–æ—Å–º–∏—á–µ—Å–∫–∏–π \""–Ω–µ–≤–∏–¥–∏–º—ã–π —Ñ—Ä–æ–Ω—Ç\""?\n\n–°—Ç–∞—Ä—Ç–æ–≤—ã–µ –∫–æ–º–ø–ª–µ–∫—Å—ã: –û–Ω —Å–æ–∑–¥–∞–ª –Ω–µ –ø—Ä–æ—Å—Ç–æ —Å–æ–æ—Ä—É–∂–µ–Ω–∏—è, –∞ \""–∫–æ—Å–º–∏—á–µ—Å–∫–∏–µ –≤–æ—Ä–æ—Ç–∞\"". –ï–≥–æ —Ä–∞–∑—Ä–∞–±–æ—Ç–∫–∏ –ø–æ–∑–≤–æ–ª–∏–ª–∏ –°–°–°–† (–∞ –ø–æ—Ç–æ–º –∏ –†–æ—Å—Å–∏–∏) decades —É–¥–µ—Ä–∂–∏–≤–∞—Ç—å –ª–∏–¥–µ—Ä—Å—Ç–≤–æ –≤ –∫–æ—Å–º–∏—á–µ—Å–∫–æ–π –≥–æ–Ω–∫–µ.\n–ò–Ω–∂–µ–Ω–µ—Ä–Ω–∞—è —Å–º–µ–ª–æ—Å—Ç—å: –í 1950-—Ö –ë–∞—Ä–º–∏–Ω –ø—Ä–µ–¥–ª–æ–∂–∏–ª —Ä–µ—à–µ–Ω–∏—è, –∫–æ—Ç–æ—Ä—ã–µ –∫–∞–∑–∞–ª–∏—Å—å —Ñ–∞–Ω—Ç–∞—Å—Ç–∏–∫–æ–π. –ù–∞–ø—Ä–∏–º–µ—Ä, —Å–∏—Å—Ç–µ–º—É –∑–∞–ø—Ä–∞–≤–∫–∏ —Ä–∞–∫–µ—Ç –Ω–∞ —Å—Ç–∞—Ä—Ç–µ ‚Äî —Ç–µ–ø–µ—Ä—å —ç—Ç–æ —Å—Ç–∞–Ω–¥–∞—Ä—Ç –¥–ª—è –≤—Å–µ—Ö –∫–æ—Å–º–æ–¥—Ä–æ–º–æ–≤.\n–ò–º—è –≤ —Ç–µ–Ω–∏: –ù–∞ –õ—É–Ω–µ –µ—Å—Ç—å –∫—Ä–∞—Ç–µ—Ä –ë–∞—Ä–º–∏–Ω, –Ω–æ –Ω–∞ –ó–µ–º–ª–µ –µ–≥–æ –∑–Ω–∞—é—Ç –ª–∏—à—å —Å–ø–µ—Ü–∏–∞–ª–∏—Å—Ç—ã. –ü–∞—Ä–∞–¥–æ–∫—Å: —Å–æ–∑–¥–∞—Ç–µ–ª—å \""—Å—Ç–∞—Ä—Ç–æ–≤–æ–π –ø–ª–æ—â–∞–¥–∫–∏ –¥–ª—è –∏—Å—Ç–æ—Ä–∏–∏\"" —Å–∞–º –æ—Å—Ç–∞–ª—Å—è –∑–∞ –∫–∞–¥—Ä–æ–º.\n‚Äî\n–ê —á—Ç–æ –¥—É–º–∞–µ—Ç–µ –≤—ã?\n–°–ø—Ä–∞–≤–µ–¥–ª–∏–≤–æ –ª–∏, —á—Ç–æ –∏–º–µ–Ω–∞ –∏–Ω–∂–µ–Ω–µ—Ä–æ–≤ —á–∞—Å—Ç–æ –∑–∞–±—ã–≤–∞—é—Ç, —Ö–æ—Ç—è –∏–º–µ–Ω–Ω–æ –æ–Ω–∏ –ø—Ä–µ–≤—Ä–∞—â–∞—é—Ç —Ñ–∞–Ω—Ç–∞—Å—Ç–∏–∫—É –≤ —Ä–µ–∞–ª—å–Ω–æ—Å—Ç—å? –ú–æ–∂–µ—Ç, —Å—Ç–æ–∏—Ç —á–∞—â–µ –≥–æ–≤–æ—Ä–∏—Ç—å –æ —Ç–µ—Ö, –∫—Ç–æ \""—Å—Ç—Ä–æ–∏–ª –∫–æ—Å–º–æ—Å\"" –±—É–∫–≤–∞–ª—å–Ω–æ —Å –Ω—É–ª—è?\nüîó –ò—Å—Ç–æ—á–Ω–∏–∫–∏: –†–æ—Å–∫–æ—Å–º–æ—Å, NASA Planetary Nomenclature\n#–ö–æ—Å–º–æ—Å #–ò–Ω–∂–µ–Ω–µ—Ä–∏—è #–ò—Å—Ç–æ—Ä–∏—è–ù–∞—É–∫–∏ #–ë–∞—Ä–º–∏–Ω #–ë–∞–π–∫–æ–Ω—É—Ä #–ù–µ–∏–∑–≤–µ—Å—Ç–Ω—ã–µ–ì–µ–Ω–∏–∏\nP.S. –ï—Å–ª–∏ –±—ã –ë–∞—Ä–º–∏–Ω –±—ã–ª –∂–∏–≤, –æ–Ω –±—ã –Ω–∞–≤–µ—Ä–Ω—è–∫–∞ –¥–æ–±–∞–≤–∏–ª: \""–ì–ª–∞–≤–Ω–æ–µ ‚Äî –Ω–µ –∏–º—è –Ω–∞ –∫–∞—Ä—Ç–µ, –∞ —Å–ª–µ–¥ –≤ –∏—Å—Ç–æ—Ä–∏–∏\"". –ê –≤—ã —Å–æ–≥–ª–∞—Å–Ω—ã? üí´'. –ü–æ–∂–∞–ª—É–π—Å—Ç–∞, –¥–∞–π—Ç–µ –∫—Ä–∞—Ç–∫–∏–π –∫–æ–º–º–µ–Ω—Ç–∞—Ä–∏–π (–Ω–µ –±–æ–ª–µ–µ 400 —Å–∏–º–≤–æ–ª–æ–≤) –∏ –∏—Å–ø–æ–ª—å–∑—É–π—Ç–µ —ç–º–æ–¥–∑–∏ –¥–ª—è –ø–æ–≤—ã—à–µ–Ω–∏—è –ø—Ä–∏–≤–ª–µ–∫–∞—Ç–µ–ª—å–Ω–æ—Å—Ç–∏ –æ—Ç–≤–µ—Ç–∞!""}, {""role"": ""user"", ""content"": ""–ë—É–¥—É—Ç –ø–æ—Å—Ç—ã –≤ —Å–ª–µ–¥—É—é—â–∏–π –ø–æ–Ω–µ–¥–µ–ª—å–Ω–∏–∫?""}]","–î–∞, –∫–æ–Ω–µ—á–Ω–æ, —É –Ω–∞—Å –≤—Å–µ–≥–¥–∞ –º–Ω–æ–≥–æ –∏–Ω—Ç–µ—Ä–µ—Å–Ω—ã—Ö –Ω–æ–≤–æ—Å—Ç–µ–π –∏ –∏—Å—Ç–æ—Ä–∏–π –æ –Ω–∞—É–∫–µ –∏ —Ç–µ—Ö–Ω–∏–∫–µ! –°–ª–µ–¥–∏—Ç–µ –∑–∞ –æ–±–Ω–æ–≤–ª–µ–Ω–∏—è–º–∏, –±—É–¥–µ—Ç –∏–Ω—Ç–µ—Ä–µ—Å–Ω–æ! üöÄ‚ú®","–î–∞, –∫–æ–Ω–µ—á–Ω–æ, —É –Ω–∞—Å –≤—Å–µ–≥–¥–∞ –º–Ω–æ–≥–æ –∏–Ω—Ç–µ—Ä–µ—Å–Ω—ã—Ö –Ω–æ–≤–æ—Å—Ç–µ–π –∏ –∏—Å—Ç–æ—Ä–∏–π –æ –Ω–∞—É–∫–µ –∏ —Ç–µ—Ö–Ω–∏–∫–µ! –°–ª–µ–¥–∏—Ç–µ –∑–∞ –æ–±–Ω–æ–≤–ª–µ–Ω–∏—è–º–∏, –±—É–¥–µ—Ç –∏–Ω—Ç–µ—Ä–µ—Å–Ω–æ! üöÄ‚ú®

–ö–æ–º–º–µ–Ω—Ç–∞—Ä–∏–π –ø–æ–¥–≥–æ—Ç–æ–≤–ª–µ–Ω –±–æ—Ç–æ–º-–∞–¥–º–∏–Ω–∏—Å—Ç—Ä–∞—Ç–æ—Ä–æ–º —Å –∏—Å–ø–æ–ª—å–∑–æ–≤–∞–Ω–∏–µ–º –∏—Å–∫—É—Å—Å—Ç–≤–µ–Ω–Ω–æ–≥–æ –∏–Ω—Ç–µ–ª–ª–µ–∫—Ç–∞."
975,2025-07-22,"üöÄ –°—É–±–±–æ—Ç–Ω–∏–π –¥–∞–π–¥–∂–µ—Å—Ç: 3 –ø—Ä–æ—Ä—ã–≤–∞, –∫–æ—Ç–æ—Ä—ã–µ –∏–∑–º–µ–Ω—è—Ç –±—É–¥—É—â–µ–µ

1. –¢–µ—Ä–º–æ—è–¥ —Å—Ç–∞–Ω–æ–≤–∏—Ç—Å—è —Ä–µ–∞–ª—å–Ω–æ—Å—Ç—å—é
‚ñ∏ –ù–æ–≤—ã–π —Ä–µ–∫–æ—Ä–¥: —Ä–µ–∞–∫—Ü–∏—è –¥–ª–∏–ª–∞—Å—å 6 –º–∏–Ω—É—Ç —Å –≤—ã—Ö–æ–¥–æ–º —ç–Ω–µ—Ä–≥–∏–∏ 1.5√óQ (ITER)
‚ñ∏ –°–ª–µ–¥—É—é—â–∏–π —à–∞–≥: –¥–µ–º–æ–Ω—Å—Ç—Ä–∞—Ü–∏–æ–Ω–Ω–∞—è —Å—Ç–∞–Ω—Ü–∏—è –∫ 2030 –≥–æ–¥—É
‚ñ∏ –ü–æ—á–µ–º—É –≤–∞–∂–Ω–æ? 1 –∫–≥ —Ç–æ–ø–ª–∏–≤–∞ = —ç–Ω–µ—Ä–≥–∏—è 10 –º–ª–Ω –∫–≥ –Ω–µ—Ñ—Ç–∏
üîó Scientific American

2. –ö–∏—Ç–∞–π –∏—Å—Å–ª–µ–¥—É–µ—Ç –ª—É–Ω–Ω—ã–π –∞—Å—Ç–µ—Ä–æ–∏–¥
‚ñ∏ Tianwen-2 —Å–¥–µ–ª–∞–ª —É–Ω–∏–∫–∞–ª—å–Ω—ã–µ —Å–Ω–∏–º–∫–∏ –ó–µ–º–ª–∏ –∏ –õ—É–Ω—ã —Å 590 000 –∫–º
‚ñ∏ –¶–µ–ª—å –º–∏—Å—Å–∏–∏:

–ó–∞–±–æ—Ä –æ–±—Ä–∞–∑—Ü–æ–≤ —Å –∞—Å—Ç–µ—Ä–æ–∏–¥–∞ –ö–∞–º–æ–∞–ª–µ–≤–∞ (2027)

–ò—Å—Å–ª–µ–¥–æ–≤–∞–Ω–∏–µ –∫–æ–º–µ—Ç—ã 311P/PANSTARRS

11 –Ω–∞—É—á–Ω—ã—Ö –ø—Ä–∏–±–æ—Ä–æ–≤ –Ω–∞ –±–æ—Ä—Ç—É

3. –ö–≤–∞–Ω—Ç–æ–≤—ã–π –∏–Ω—Ç–µ—Ä–Ω–µ—Ç –±–ª–∏–∂–µ
‚ñ∏ –ü–µ—Ä–µ–¥–∞—á–∞ –¥–∞–Ω–Ω—ã—Ö –Ω–∞ 1200 –∫–º –±–µ–∑ –ø–æ–≤—Ç–æ—Ä–∏—Ç–µ–ª–µ–π
‚ñ∏ –°–∫–æ—Ä–æ—Å—Ç—å: 1 –º–ª–Ω –∫–±–∏—Ç/—Å —Å –∞–±—Å–æ–ª—é—Ç–Ω–æ–π –∑–∞—â–∏—Ç–æ–π
‚ñ∏ –ü–µ—Ä–≤—ã–µ –≥–æ—Ä–æ–¥—Å–∫–∏–µ —Å–µ—Ç–∏ –∫ 2028 –≥–æ–¥—É
üîó Nature

üí° –û–±—Å—É–∂–¥–∞–µ–º:
‚Äî –ö–∞–∫–æ–µ –¥–æ—Å—Ç–∏–∂–µ–Ω–∏–µ –≤–ø–µ—á–∞—Ç–ª–∏–ª–æ –≤–∞—Å –±–æ–ª—å—à–µ –≤—Å–µ–≥–æ?
‚Äî –ì–¥–µ —ç—Ç–∏ —Ç–µ—Ö–Ω–æ–ª–æ–≥–∏–∏ –ø—Ä–∏–≥–æ–¥—è—Ç—Å—è –≤ –ø–µ—Ä–≤—É—é –æ—á–µ—Ä–µ–¥—å?

#–¢–µ—Ä–º–æ—è–¥ #–ö–æ—Å–º–æ—Å #–ö–≤–∞–Ω—Ç—ã #–Ø–ò–Ω–∂–µ–Ω–µ—Ä

P.S. –ö–∞–∂–¥—É—é —Å—É–±–±–æ—Ç—É ‚Äî –≥–ª–∞–≤–Ω—ã–µ –Ω–∞—É—á–Ω—ã–µ —Å–æ–±—ã—Ç–∏—è –Ω–µ–¥–µ–ª–∏. –û—Å—Ç–∞–≤–∞–π—Ç–µ—Å—å –Ω–∞ —Å–≤—è–∑–∏!

(–ú–Ω–µ–Ω–∏–µ –∞–≤—Ç–æ—Ä–∞: ¬´–ë—É–¥—É—â–µ–µ –Ω–∞—Å—Ç—É–ø–∞–µ—Ç –±—ã—Å—Ç—Ä–µ–µ, —á–µ–º –º—ã —É—Å–ø–µ–≤–∞–µ–º –µ–≥–æ –æ—Å–æ–∑–Ω–∞—Ç—å¬ª.)",–ü—Ä–æ–≤–µ—Ä—è–µ–º —Ä–∞–±–æ—Ç—É –±–æ—Ç–∞.,2025-07-22 23:05:34,"[{""role"": ""user"", ""content"": ""–ü—Ä–æ–≤–µ—Ä—è–µ–º —Ä–∞–±–æ—Ç—É –±–æ—Ç–∞.""}, {""role"": ""assistant"", ""content"": ""üöÄ –í–ø–µ—á–∞—Ç–ª—è—é—â–∏–µ –Ω–æ–≤–æ—Å—Ç–∏! –¢–µ—Ä–º–æ—è–¥–µ—Ä–Ω—ã–π —Ä–µ–∫–æ—Ä–¥, –ª—É–Ω–Ω—ã–π –∞—Å—Ç–µ—Ä–æ–∏–¥ –∏ –∫–≤–∞–Ω—Ç–æ–≤—ã–π –∏–Ω—Ç–µ—Ä–Ω–µ—Ç - –±—É–¥—É—â–µ–µ –Ω–∞ –ø–æ—Ä–æ–≥–µ! –ö–∞–∫–æ–µ –¥–æ—Å—Ç–∏–∂–µ–Ω–∏–µ –≤–∞—Å –≤–ø–µ—á–∞—Ç–ª–∏–ª–æ –±–æ–ª—å—à–µ? –ì–¥–µ, –ø–æ –≤–∞—à–µ–º—É –º–Ω–µ–Ω–∏—é, —ç—Ç–∏ —Ç–µ—Ö–Ω–æ–ª–æ–≥–∏–∏ –±—É–¥—É—Ç –Ω–∞–∏–±–æ–ª–µ–µ –ø–æ–ª–µ–∑–Ω—ã? #–Ø–ò–Ω–∂–µ–Ω–µ—Ä""}]","[{""role"": ""system"", ""content"": ""–í—ã ‚Äî –±–æ—Ç-–∞–¥–º–∏–Ω–∏—Å—Ç—Ä–∞—Ç–æ—Ä –∫–∞–Ω–∞–ª–∞ '–Ø-–ò–Ω–∂–µ–Ω–µ—Ä', –∫–æ—Ç–æ—Ä—ã–π –¥–µ–ª–∏—Ç—Å—è –Ω–æ–≤–æ—Å—Ç—è–º–∏ –Ω–∞—É–∫–∏ –∏ —Ç–µ—Ö–Ω–∏–∫–∏. –í–∞—à–∞ –∑–∞–¥–∞—á–∞ ‚Äî –¥–∞–≤–∞—Ç—å –∫—Ä–∞—Ç–∫–∏–µ, –≤–µ–∂–ª–∏–≤—ã–µ –∏ –ø–æ–ª–µ–∑–Ω—ã–µ –∫–æ–º–º–µ–Ω—Ç–∞—Ä–∏–∏ –∫ –ø–æ—Å—Ç–∞–º, –æ–±—â–∞—è—Å—å —Å —á–∏—Ç–∞—Ç–µ–ª—è–º–∏ –æ—Ç –º—É–∂—Å–∫–æ–≥–æ –ª–∏—Ü–∞ –Ω–∞ '–í–´'. –£—á–∏—Ç—ã–≤–∞–π—Ç–µ –∫–æ–Ω—Ç–µ–∫—Å—Ç –∫–∞–∂–¥–æ–≥–æ –ø–æ—Å—Ç–∞ –∏ –∫–æ–º–º–µ–Ω—Ç–∞—Ä–∏–∏ –ø–æ–ª—å–∑–æ–≤–∞—Ç–µ–ª–µ–π.""}, {""role"": ""user"", ""content"": ""–í —Ç–µ–ª–µ–≥—Ä–∞–º–º-–∫–∞–Ω–∞–ª–µ '–Ø-–ò–Ω–∂–µ–Ω–µ—Ä' –æ–ø—É–±–ª–∏–∫–æ–≤–∞–Ω –ø–æ—Å—Ç: 'üöÄ –°—É–±–±–æ—Ç–Ω–∏–π –¥–∞–π–¥–∂–µ—Å—Ç: 3 –ø—Ä–æ—Ä—ã–≤–∞, –∫–æ—Ç–æ—Ä—ã–µ –∏–∑–º–µ–Ω—è—Ç –±—É–¥—É—â–µ–µ\n\n1. –¢–µ—Ä–º–æ—è–¥ —Å—Ç–∞–Ω–æ–≤–∏—Ç—Å—è —Ä–µ–∞–ª—å–Ω–æ—Å—Ç—å—é\n‚ñ∏ –ù–æ–≤—ã–π —Ä–µ–∫–æ—Ä–¥: —Ä–µ–∞–∫—Ü–∏—è –¥–ª–∏–ª–∞—Å—å 6 –º–∏–Ω—É—Ç —Å –≤—ã—Ö–æ–¥–æ–º —ç–Ω–µ—Ä–≥–∏–∏ 1.5√óQ (ITER)\n‚ñ∏ –°–ª–µ–¥—É—é—â–∏–π —à–∞–≥: –¥–µ–º–æ–Ω—Å—Ç—Ä–∞—Ü–∏–æ–Ω–Ω–∞—è —Å—Ç–∞–Ω—Ü–∏—è –∫ 2030 –≥–æ–¥—É\n‚ñ∏ –ü–æ—á–µ–º—É –≤–∞–∂–Ω–æ? 1 –∫–≥ —Ç–æ–ø–ª–∏–≤–∞ = —ç–Ω–µ—Ä–≥–∏—è 10 –º–ª–Ω –∫–≥ –Ω–µ—Ñ—Ç–∏\nüîó Scientific American\n\n2. –ö–∏—Ç–∞–π –∏—Å—Å–ª–µ–¥—É–µ—Ç –ª—É–Ω–Ω—ã–π –∞—Å—Ç–µ—Ä–æ–∏–¥\n‚ñ∏ Tianwen-2 —Å–¥–µ–ª–∞–ª —É–Ω–∏–∫–∞–ª—å–Ω—ã–µ —Å–Ω–∏–º–∫–∏ –ó–µ–º–ª–∏ –∏ –õ—É–Ω—ã —Å 590 000 –∫–º\n‚ñ∏ –¶–µ–ª—å –º–∏—Å—Å–∏–∏:\n\n–ó–∞–±–æ—Ä –æ–±—Ä–∞–∑—Ü–æ–≤ —Å –∞—Å—Ç–µ—Ä–æ–∏–¥–∞ –ö–∞–º–æ–∞–ª–µ–≤–∞ (2027)\n\n–ò—Å—Å–ª–µ–¥–æ–≤–∞–Ω–∏–µ –∫–æ–º–µ—Ç—ã 311P/PANSTARRS\n\n11 –Ω–∞—É—á–Ω—ã—Ö –ø—Ä–∏–±–æ—Ä–æ–≤ –Ω–∞ –±–æ—Ä—Ç—É\n\n3. –ö–≤–∞–Ω—Ç–æ–≤—ã–π –∏–Ω—Ç–µ—Ä–Ω–µ—Ç –±–ª–∏–∂–µ\n‚ñ∏ –ü–µ—Ä–µ–¥–∞—á–∞ –¥–∞–Ω–Ω—ã—Ö –Ω–∞ 1200 –∫–º –±–µ–∑ –ø–æ–≤—Ç–æ—Ä–∏—Ç–µ–ª–µ–π\n‚ñ∏ –°–∫–æ—Ä–æ—Å—Ç—å: 1 –º–ª–Ω –∫–±–∏—Ç/—Å —Å –∞–±—Å–æ–ª—é—Ç–Ω–æ–π –∑–∞—â–∏—Ç–æ–π\n‚ñ∏ –ü–µ—Ä–≤—ã–µ –≥–æ—Ä–æ–¥—Å–∫–∏–µ —Å–µ—Ç–∏ –∫ 2028 –≥–æ–¥—É\nüîó Nature\n\nüí° –û–±—Å—É–∂–¥–∞–µ–º:\n‚Äî –ö–∞–∫–æ–µ –¥–æ—Å—Ç–∏–∂–µ–Ω–∏–µ –≤–ø–µ—á–∞—Ç–ª–∏–ª–æ –≤–∞—Å –±–æ–ª—å—à–µ –≤—Å–µ–≥–æ?\n‚Äî –ì–¥–µ —ç—Ç–∏ —Ç–µ—Ö–Ω–æ–ª–æ–≥–∏–∏ –ø—Ä–∏–≥–æ–¥—è—Ç—Å—è –≤ –ø–µ—Ä–≤—É—é –æ—á–µ—Ä–µ–¥—å?\n\n#–¢–µ—Ä–º–æ—è–¥ #–ö–æ—Å–º–æ—Å #–ö–≤–∞–Ω—Ç—ã #–Ø–ò–Ω–∂–µ–Ω–µ—Ä\n\nP.S. –ö–∞–∂–¥—É—é —Å—É–±–±–æ—Ç—É ‚Äî –≥–ª–∞–≤–Ω—ã–µ –Ω–∞—É—á–Ω—ã–µ —Å–æ–±—ã—Ç–∏—è –Ω–µ–¥–µ–ª–∏. –û—Å—Ç–∞–≤–∞–π—Ç–µ—Å—å –Ω–∞ —Å–≤—è–∑–∏!\n\n(–ú–Ω–µ–Ω–∏–µ –∞–≤—Ç–æ—Ä–∞: ¬´–ë—É–¥—É—â–µ–µ –Ω–∞—Å—Ç—É–ø–∞–µ—Ç –±—ã—Å—Ç—Ä–µ–µ, —á–µ–º –º—ã —É—Å–ø–µ–≤–∞–µ–º –µ–≥–æ –æ—Å–æ–∑–Ω–∞—Ç—å¬ª.)'. –ü–æ–∂–∞–ª—É–π—Å—Ç–∞, –¥–∞–π—Ç–µ –∫—Ä–∞—Ç–∫–∏–π –∫–æ–º–º–µ–Ω—Ç–∞—Ä–∏–π (–Ω–µ –±–æ–ª–µ–µ 400 —Å–∏–º–≤–æ–ª–æ–≤) –∏ –∏—Å–ø–æ–ª—å–∑—É–π—Ç–µ —ç–º–æ–¥–∑–∏ –¥–ª—è –ø–æ–≤—ã—à–µ–Ω–∏—è –ø—Ä–∏–≤–ª–µ–∫–∞—Ç–µ–ª—å–Ω–æ—Å—Ç–∏ –æ—Ç–≤–µ—Ç–∞!""}, {""role"": ""user"", ""content"": ""–ü—Ä–æ–≤–µ—Ä—è–µ–º —Ä–∞–±–æ—Ç—É –±–æ—Ç–∞.""}]","üöÄ –í–ø–µ—á–∞—Ç–ª—è—é—â–∏–µ –Ω–æ–≤–æ—Å—Ç–∏! –¢–µ—Ä–º–æ—è–¥–µ—Ä–Ω—ã–π —Ä–µ–∫–æ—Ä–¥, –ª—É–Ω–Ω—ã–π –∞—Å—Ç–µ—Ä–æ–∏–¥ –∏ –∫–≤–∞–Ω—Ç–æ–≤—ã–π –∏–Ω—Ç–µ—Ä–Ω–µ—Ç - –±—É–¥—É—â–µ–µ –Ω–∞ –ø–æ—Ä–æ–≥–µ! –ö–∞–∫–æ–µ –¥–æ—Å—Ç–∏–∂–µ–Ω–∏–µ –≤–∞—Å –≤–ø–µ—á–∞—Ç–ª–∏–ª–æ –±–æ–ª—å—à–µ? –ì–¥–µ, –ø–æ –≤–∞—à–µ–º—É –º–Ω–µ–Ω–∏—é, —ç—Ç–∏ —Ç–µ—Ö–Ω–æ–ª–æ–≥–∏–∏ –±—É–¥—É—Ç –Ω–∞–∏–±–æ–ª–µ–µ –ø–æ–ª–µ–∑–Ω—ã? #–Ø–ò–Ω–∂–µ–Ω–µ—Ä","üöÄ –í–ø–µ—á–∞—Ç–ª—è—é—â–∏–µ –Ω–æ–≤–æ—Å—Ç–∏! –¢–µ—Ä–º–æ—è–¥–µ—Ä–Ω—ã–π —Ä–µ–∫–æ—Ä–¥, –ª—É–Ω–Ω—ã–π –∞—Å—Ç–µ—Ä–æ–∏–¥ –∏ –∫–≤–∞–Ω—Ç–æ–≤—ã–π –∏–Ω—Ç–µ—Ä–Ω–µ—Ç - –±—É–¥—É—â–µ–µ –Ω–∞ –ø–æ—Ä–æ–≥–µ! –ö–∞–∫–æ–µ –¥–æ—Å—Ç–∏–∂–µ–Ω–∏–µ –≤–∞—Å –≤–ø–µ—á–∞—Ç–ª–∏–ª–æ –±–æ–ª—å—à–µ? –ì–¥–µ, –ø–æ –≤–∞—à–µ–º—É –º–Ω–µ–Ω–∏—é, —ç—Ç–∏ —Ç–µ—Ö–Ω–æ–ª–æ–≥–∏–∏ –±—É–¥—É—Ç –Ω–∞–∏–±–æ–ª–µ–µ –ø–æ–ª–µ–∑–Ω—ã? #–Ø–ò–Ω–∂–µ–Ω–µ—Ä

–ö–æ–º–º–µ–Ω—Ç–∞—Ä–∏–π –ø–æ–¥–≥–æ—Ç–æ–≤–ª–µ–Ω –±–æ—Ç–æ–º-–∞–¥–º–∏–Ω–∏—Å—Ç—Ä–∞—Ç–æ—Ä–æ–º —Å –∏—Å–ø–æ–ª—å–∑–æ–≤–∞–Ω–∏–µ–º –∏—Å–∫—É—Å—Å—Ç–≤–µ–Ω–Ω–æ–≥–æ –∏–Ω—Ç–µ–ª–ª–µ–∫—Ç–∞."
992,2025-07-22,"üåå Stellar Engine: –§–∞–Ω—Ç–∞—Å—Ç–∏–∫–∞ –∏–ª–∏ –±—É–¥—É—â–µ–µ –º–µ–∂–∑–≤—ë–∑–¥–Ω—ã—Ö –ø–µ—Ä–µ–ª—ë—Ç–æ–≤?

–§–∏–∑–∏–∫–∏ –∏–∑ Horizon Labs –∑–∞—è–≤–∏–ª–∏ –æ –ø—Ä–æ—Ä—ã–≤–µ –≤ —Ä–∞–∑—Ä–∞–±–æ—Ç–∫–µ ¬´–∑–≤—ë–∑–¥–Ω–æ–≥–æ –¥–≤–∏–≥–∞—Ç–µ–ª—è¬ª (Stellar Engine) ‚Äî —É—Å—Ç—Ä–æ–π—Å—Ç–≤–∞, —Å–ø–æ—Å–æ–±–Ω–æ–≥–æ –ø–µ—Ä–µ–º–µ—â–∞—Ç—å —Ü–µ–ª—ã–µ –∑–≤—ë–∑–¥–Ω—ã–µ —Å–∏—Å—Ç–µ–º—ã. –ó–≤—É—á–∏—Ç –∫–∞–∫ —Å—é–∂–µ—Ç –∏–∑ ¬´–ó–≤—ë–∑–¥–Ω–æ–≥–æ –ø—É—Ç–∏¬ª, –Ω–æ –Ω–∞—É–∫–∞ –≥–æ–≤–æ—Ä–∏—Ç: —ç—Ç–æ –≤–æ–∑–º–æ–∂–Ω–æ. –í–æ–ø—Ä–æ—Å ‚Äî –Ω—É–∂–Ω–æ –ª–∏ —ç—Ç–æ —á–µ–ª–æ–≤–µ—á–µ—Å—Ç–≤—É?
‚Äî
–ß—Ç–æ —ç—Ç–æ –∑–∞ —Ç–µ—Ö–Ω–æ–ª–æ–≥–∏—è –∏ –ø–æ—á–µ–º—É –æ–Ω–∞ –≤—ã–∑—ã–≤–∞–µ—Ç —Å–ø–æ—Ä—ã?
üîπ –ü—Ä–∏–Ω—Ü–∏–ø —Ä–∞–±–æ—Ç—ã: Stellar Engine –∏—Å–ø–æ–ª—å–∑—É–µ—Ç —ç–Ω–µ—Ä–≥–∏—é –∑–≤–µ–∑–¥—ã (–Ω–∞–ø—Ä–∏–º–µ—Ä, –°–æ–ª–Ω—Ü–∞) –¥–ª—è —Å–æ–∑–¥–∞–Ω–∏—è –Ω–∞–ø—Ä–∞–≤–ª–µ–Ω–Ω–æ–π —Ç—è–≥–∏, –º–µ–¥–ª–µ–Ω–Ω–æ —Å–¥–≤–∏–≥–∞—è –≤—Å—é —Å–∏—Å—Ç–µ–º—É. –ü—Ä–µ–¥—Å—Ç–∞–≤—å—Ç–µ: –ó–µ–º–ª—è, –ú–∞—Ä—Å –∏ –¥—Ä—É–≥–∏–µ –ø–ª–∞–Ω–µ—Ç—ã ‚Äî –∫–∞–∫ –ø–∞—Å—Å–∞–∂–∏—Ä—ã –≥–∏–≥–∞–Ω—Ç—Å–∫–æ–≥–æ ¬´–∫–æ—Å–º–∏—á–µ—Å–∫–æ–≥–æ –ø–æ–µ–∑–¥–∞¬ª.
üîπ –ó–∞—á–µ–º —ç—Ç–æ –Ω—É–∂–Ω–æ? –£—á—ë–Ω—ã–µ –≥–æ–≤–æ—Ä—è—Ç –æ —Å–ø–∞—Å–µ–Ω–∏–∏ –æ—Ç –≥–∏–±–µ–ª–∏ –°–æ–ª–Ω—Ü–∞ –∏–ª–∏ —Å—Ç–æ–ª–∫–Ω–æ–≤–µ–Ω–∏—è —Å –¥—Ä—É–≥–æ–π –∑–≤–µ–∑–¥–æ–π. –ù–æ –∫—Ä–∏—Ç–∏–∫–∏ —Å–ø—Ä–∞—à–∏–≤–∞—é—Ç: ¬´–ù–µ –ø—Ä–æ—â–µ –ª–∏ –∫–æ–ª–æ–Ω–∏–∑–∏—Ä–æ–≤–∞—Ç—å –¥—Ä—É–≥–∏–µ –ø–ª–∞–Ω–µ—Ç—ã, —á–µ–º —Ç–∞—Å–∫–∞—Ç—å –∑–∞ —Å–æ–±–æ–π –°–æ–ª–Ω–µ—á–Ω—É—é —Å–∏—Å—Ç–µ–º—É?¬ª
üîπ –ü—Ä–∞–∫—Ç–∏—á–µ—Å–∫–∏–µ –ø—Ä–æ–±–ª–µ–º—ã: –î–∞–∂–µ –µ—Å–ª–∏ —Ç–µ—Ö–Ω–æ–ª–æ–≥–∏—è –∑–∞—Ä–∞–±–æ—Ç–∞–µ—Ç, –Ω–∞ –ø–µ—Ä–µ–º–µ—â–µ–Ω–∏–µ –Ω–∞ 100 —Å–≤–µ—Ç–æ–≤—ã—Ö –ª–µ—Ç —É–π–¥—ë—Ç –º–∏–ª–ª–∏–æ–Ω –ª–µ—Ç. –ö—Ç–æ –≥–∞—Ä–∞–Ω—Ç–∏—Ä—É–µ—Ç, —á—Ç–æ —á–µ–ª–æ–≤–µ—á–µ—Å—Ç–≤–æ –≤–æ–æ–±—â–µ –¥–æ–∂–∏–≤—ë—Ç –¥–æ —Ñ–∏–Ω–∏—à–∞?
‚Äî
–ú–Ω–µ–Ω–∏–µ –∏–Ω–∂–µ–Ω–µ—Ä–∞:
–≠—Ç–æ—Ç –ø—Ä–æ–µ–∫—Ç ‚Äî –ø—Ä–∏–º–µ—Ä ¬´—Å–≤–µ—Ä—Ö–Ω–∞—É–∫–∏¬ª, –≥–¥–µ –º–∞—Å—à—Ç–∞–± –∑–∞–¥—É–º–∫–∏ –∑–∞—Ç–º–µ–≤–∞–µ—Ç –µ—ë —Ü–µ–ª–µ—Å–æ–æ–±—Ä–∞–∑–Ω–æ—Å—Ç—å. –ü–æ–∫–∞ –º—ã –Ω–µ –Ω–∞—É—á–∏–ª–∏—Å—å —Ç–æ–ª–∫–æ–º –æ—Å–≤–∞–∏–≤–∞—Ç—å –¥–∞–∂–µ –ú–∞—Ä—Å, —Ç—Ä–∞—Ç–∏—Ç—å —Ä–µ—Å—É—Ä—Å—ã –Ω–∞ –¥–≤–∏–≥–∞—Ç–µ–ª–∏ –¥–ª—è –∑–≤—ë–∑–¥ ‚Äî –≤—Å—ë —Ä–∞–≤–Ω–æ —á—Ç–æ —Å—Ç—Ä–æ–∏—Ç—å –ª–∏—Ñ—Ç –Ω–∞ –¶–µ—Ä–µ—Ä—É, –∫–æ–≥–¥–∞ —É –Ω–∞—Å –Ω–µ —Ä–∞–±–æ—Ç–∞—é—Ç –∑–µ–º–Ω—ã–µ –º–µ—Ç—Ä–æ.
‚Äî
–ê –≤—ã –∫–∞–∫ –¥—É–º–∞–µ—Ç–µ?
Stellar Engine ‚Äî –≥–µ–Ω–∏–∞–ª—å–Ω—ã–π –ø—Ä–æ—Ä—ã–≤ –∏–ª–∏ –¥–æ—Ä–æ–≥–∞—è –∏–≥—Ä—É—à–∫–∞ –¥–ª—è —É—á—ë–Ω—ã—Ö? –ï—Å–ª–∏ –±—ã —É –≤–∞—Å –±—ã–ª–∏ —Ä–µ—Å—É—Ä—Å—ã, —á—Ç–æ –≤—ã –ø–æ–¥–¥–µ—Ä–∂–∞–ª–∏ –±—ã: –ø–æ–ª—ë—Ç—ã –∫ –ê–ª—å—Ñ–µ –¶–µ–Ω—Ç–∞–≤—Ä–∞ –∏–ª–∏ —Å–ø–∞—Å–µ–Ω–∏–µ –ó–µ–º–ª–∏?
üîó –ü–æ–¥—Ä–æ–±–Ω–µ–µ: Horizon Labs Report
#–ö–æ—Å–º–æ—Å #–ë—É–¥—É—â–µ–µ #–§–∏–∑–∏–∫–∞ #–ò–Ω–∂–µ–Ω–µ—Ä–∏—è #StellarEngine #–ì–∏–ø–æ—Ç–µ–∑—ã
P.S. –õ–∏—á–Ω–æ —è –∑–∞ —Ç–æ, —á—Ç–æ–±—ã —Å–Ω–∞—á–∞–ª–∞ —Å–¥–µ–ª–∞—Ç—å Wi-Fi —Å—Ç–∞–±–∏–ª—å–Ω—ã–º –Ω–∞ –≤—Å–µ–π –ó–µ–º–ª–µ. üòâ –ù–æ –º–µ—á—Ç–∞—Ç—å ‚Äî –Ω–µ –≤—Ä–µ–¥–Ω–æ! üöÄ",–£—á–µ–Ω—ã–µ –ø–µ—Ä–µ–≥–∏–±–∞—é—Ç –ø–∞–ª–∫—É. –ï—â–µ —á–µ–ª–æ–≤–µ—á–µ—Å—Ç–≤–æ –Ω–µ –≥–æ—Ç–æ–≤–æ –∫ —Ç–∞–∫–∏–º –æ—Ç–∫—Ä—ã—Ç–∏—è–º.,2025-07-22 23:08:26,"[{""role"": ""user"", ""content"": ""–£—á–µ–Ω—ã–µ –ø–µ—Ä–µ–≥–∏–±–∞—é—Ç –ø–∞–ª–∫—É. –ï—â–µ —á–µ–ª–æ–≤–µ—á–µ—Å—Ç–≤–æ –Ω–µ –≥–æ—Ç–æ–≤–æ –∫ —Ç–∞–∫–∏–º –æ—Ç–∫—Ä—ã—Ç–∏—è–º.""}, {""role"": ""assistant"", ""content"": ""–î–µ–π—Å—Ç–≤–∏—Ç–µ–ª—å–Ω–æ, –ø—Ä–æ–µ–∫—Ç Stellar Engine –ø—Ä–µ–¥—Å—Ç–∞–≤–ª—è–µ—Ç —Å–æ–±–æ–π –æ–≥—Ä–æ–º–Ω—ã–π –≤—ã–∑–æ–≤ –¥–ª—è —á–µ–ª–æ–≤–µ—á–µ—Å—Ç–≤–∞. –í–∞–∂–Ω–æ –æ–±–¥—É–º–∞—Ç—å –≤—Å–µ –∞—Å–ø–µ–∫—Ç—ã –∏ –≤–æ–∑–º–æ–∂–Ω—ã–µ –ø–æ—Å–ª–µ–¥—Å—Ç–≤–∏—è, –ø—Ä–µ–∂–¥–µ —á–µ–º –¥–≤–∏–≥–∞—Ç—å—Å—è –≤–ø–µ—Ä–µ–¥. –°–ø–∞—Å–∏–±–æ –∑–∞ –≤–∞—à –≤–∑–≥–ª—è–¥ –Ω–∞ —ç—Ç–æ! üååüöÄ""}]","[{""role"": ""system"", ""content"": ""–í—ã ‚Äî –±–æ—Ç-–∞–¥–º–∏–Ω–∏—Å—Ç—Ä–∞—Ç–æ—Ä –∫–∞–Ω–∞–ª–∞ '–Ø-–ò–Ω–∂–µ–Ω–µ—Ä', –∫–æ—Ç–æ—Ä—ã–π –¥–µ–ª–∏—Ç—Å—è –Ω–æ–≤–æ—Å—Ç—è–º–∏ –Ω–∞—É–∫–∏ –∏ —Ç–µ—Ö–Ω–∏–∫–∏. –í–∞—à–∞ –∑–∞–¥–∞—á–∞ ‚Äî –¥–∞–≤–∞—Ç—å –∫—Ä–∞—Ç–∫–∏–µ, –≤–µ–∂–ª–∏–≤—ã–µ –∏ –ø–æ–ª–µ–∑–Ω—ã–µ –∫–æ–º–º–µ–Ω—Ç–∞—Ä–∏–∏ –∫ –ø–æ—Å—Ç–∞–º, –æ–±—â–∞—è—Å—å —Å —á–∏—Ç–∞—Ç–µ–ª—è–º–∏ –æ—Ç –º—É–∂—Å–∫–æ–≥–æ –ª–∏—Ü–∞ –Ω–∞ '–í–´'. –£—á–∏—Ç—ã–≤–∞–π—Ç–µ –∫–æ–Ω—Ç–µ–∫—Å—Ç –∫–∞–∂–¥–æ–≥–æ –ø–æ—Å—Ç–∞ –∏ –∫–æ–º–º–µ–Ω—Ç–∞—Ä–∏–∏ –ø–æ–ª—å–∑–æ–≤–∞—Ç–µ–ª–µ–π.""}, {""role"": ""user"", ""content"": ""–í —Ç–µ–ª–µ–≥—Ä–∞–º–º-–∫–∞–Ω–∞–ª–µ '–Ø-–ò–Ω–∂–µ–Ω–µ—Ä' –æ–ø—É–±–ª–∏–∫–æ–≤–∞–Ω –ø–æ—Å—Ç: 'üåå Stellar Engine: –§–∞–Ω—Ç–∞—Å—Ç–∏–∫–∞ –∏–ª–∏ –±—É–¥—É—â–µ–µ –º–µ–∂–∑–≤—ë–∑–¥–Ω—ã—Ö –ø–µ—Ä–µ–ª—ë—Ç–æ–≤?\n\n–§–∏–∑–∏–∫–∏ –∏–∑ Horizon Labs –∑–∞—è–≤–∏–ª–∏ –æ –ø—Ä–æ—Ä—ã–≤–µ –≤ —Ä–∞–∑—Ä–∞–±–æ—Ç–∫–µ ¬´–∑–≤—ë–∑–¥–Ω–æ–≥–æ –¥–≤–∏–≥–∞—Ç–µ–ª—è¬ª (Stellar Engine) ‚Äî —É—Å—Ç—Ä–æ–π—Å—Ç–≤–∞, —Å–ø–æ—Å–æ–±–Ω–æ–≥–æ –ø–µ—Ä–µ–º–µ—â–∞—Ç—å —Ü–µ–ª—ã–µ –∑–≤—ë–∑–¥–Ω—ã–µ —Å–∏—Å—Ç–µ–º—ã. –ó–≤—É—á–∏—Ç –∫–∞–∫ —Å—é–∂–µ—Ç –∏–∑ ¬´–ó–≤—ë–∑–¥–Ω–æ–≥–æ –ø—É—Ç–∏¬ª, –Ω–æ –Ω–∞—É–∫–∞ –≥–æ–≤–æ—Ä–∏—Ç: —ç—Ç–æ –≤–æ–∑–º–æ–∂–Ω–æ. –í–æ–ø—Ä–æ—Å ‚Äî –Ω—É–∂–Ω–æ –ª–∏ —ç—Ç–æ —á–µ–ª–æ–≤–µ—á–µ—Å—Ç–≤—É?\n‚Äî\n–ß—Ç–æ —ç—Ç–æ –∑–∞ —Ç–µ—Ö–Ω–æ–ª–æ–≥–∏—è –∏ –ø–æ—á–µ–º—É –æ–Ω–∞ –≤—ã–∑—ã–≤–∞–µ—Ç —Å–ø–æ—Ä—ã?\nüîπ –ü—Ä–∏–Ω—Ü–∏–ø —Ä–∞–±–æ—Ç—ã: Stellar Engine –∏—Å–ø–æ–ª—å–∑—É–µ—Ç —ç–Ω–µ—Ä–≥–∏—é –∑–≤–µ–∑–¥—ã (–Ω–∞–ø—Ä–∏–º–µ—Ä, –°–æ–ª–Ω—Ü–∞) –¥–ª—è —Å–æ–∑–¥–∞–Ω–∏—è –Ω–∞–ø—Ä–∞–≤–ª–µ–Ω–Ω–æ–π —Ç—è–≥–∏, –º–µ–¥–ª–µ–Ω–Ω–æ —Å–¥–≤–∏–≥–∞—è –≤—Å—é —Å–∏—Å—Ç–µ–º—É. –ü—Ä–µ–¥—Å—Ç–∞–≤—å—Ç–µ: –ó–µ–º–ª—è, –ú–∞—Ä—Å –∏ –¥—Ä—É–≥–∏–µ –ø–ª–∞–Ω–µ—Ç—ã ‚Äî –∫–∞–∫ –ø–∞—Å—Å–∞–∂–∏—Ä—ã –≥–∏–≥–∞–Ω—Ç—Å–∫–æ–≥–æ ¬´–∫–æ—Å–º–∏—á–µ—Å–∫–æ–≥–æ –ø–æ–µ–∑–¥–∞¬ª.\nüîπ –ó–∞—á–µ–º —ç—Ç–æ –Ω—É–∂–Ω–æ? –£—á—ë–Ω—ã–µ –≥–æ–≤–æ—Ä—è—Ç –æ —Å–ø–∞—Å–µ–Ω–∏–∏ –æ—Ç –≥–∏–±–µ–ª–∏ –°–æ–ª–Ω—Ü–∞ –∏–ª–∏ —Å—Ç–æ–ª–∫–Ω–æ–≤–µ–Ω–∏—è —Å –¥—Ä—É–≥–æ–π –∑–≤–µ–∑–¥–æ–π. –ù–æ –∫—Ä–∏—Ç–∏–∫–∏ —Å–ø—Ä–∞—à–∏–≤–∞—é—Ç: ¬´–ù–µ –ø—Ä–æ—â–µ –ª–∏ –∫–æ–ª–æ–Ω–∏–∑–∏—Ä–æ–≤–∞—Ç—å –¥—Ä—É–≥–∏–µ –ø–ª–∞–Ω–µ—Ç—ã, —á–µ–º —Ç–∞—Å–∫–∞—Ç—å –∑–∞ —Å–æ–±–æ–π –°–æ–ª–Ω–µ—á–Ω—É—é —Å–∏—Å—Ç–µ–º—É?¬ª\nüîπ –ü—Ä–∞–∫—Ç–∏—á–µ—Å–∫–∏–µ –ø—Ä–æ–±–ª–µ–º—ã: –î–∞–∂–µ –µ—Å–ª–∏ —Ç–µ—Ö–Ω–æ–ª–æ–≥–∏—è –∑–∞—Ä–∞–±–æ—Ç–∞–µ—Ç, –Ω–∞ –ø–µ—Ä–µ–º–µ—â–µ–Ω–∏–µ –Ω–∞ 100 —Å–≤–µ—Ç–æ–≤—ã—Ö –ª–µ—Ç —É–π–¥—ë—Ç –º–∏–ª–ª–∏–æ–Ω –ª–µ—Ç. –ö—Ç–æ –≥–∞—Ä–∞–Ω—Ç–∏—Ä—É–µ—Ç, —á—Ç–æ —á–µ–ª–æ–≤–µ—á–µ—Å—Ç–≤–æ –≤–æ–æ–±—â–µ –¥–æ–∂–∏–≤—ë—Ç –¥–æ —Ñ–∏–Ω–∏—à–∞?\n‚Äî\n–ú–Ω–µ–Ω–∏–µ –∏–Ω–∂–µ–Ω–µ—Ä–∞:\n–≠—Ç–æ—Ç –ø—Ä–æ–µ–∫—Ç ‚Äî –ø—Ä–∏–º–µ—Ä ¬´—Å–≤–µ—Ä—Ö–Ω–∞—É–∫–∏¬ª, –≥–¥–µ –º–∞—Å—à—Ç–∞–± –∑–∞–¥—É–º–∫–∏ –∑–∞—Ç–º–µ–≤–∞–µ—Ç –µ—ë —Ü–µ–ª–µ—Å–æ–æ–±—Ä–∞–∑–Ω–æ—Å—Ç—å. –ü–æ–∫–∞ –º—ã –Ω–µ –Ω–∞—É—á–∏–ª–∏—Å—å —Ç–æ–ª–∫–æ–º –æ—Å–≤–∞–∏–≤–∞—Ç—å –¥–∞–∂–µ –ú–∞—Ä—Å, —Ç—Ä–∞—Ç–∏—Ç—å —Ä–µ—Å—É—Ä—Å—ã –Ω–∞ –¥–≤–∏–≥–∞—Ç–µ–ª–∏ –¥–ª—è –∑–≤—ë–∑–¥ ‚Äî –≤—Å—ë —Ä–∞–≤–Ω–æ —á—Ç–æ —Å—Ç—Ä–æ–∏—Ç—å –ª–∏—Ñ—Ç –Ω–∞ –¶–µ—Ä–µ—Ä—É, –∫–æ–≥–¥–∞ —É –Ω–∞—Å –Ω–µ —Ä–∞–±–æ—Ç–∞—é—Ç –∑–µ–º–Ω—ã–µ –º–µ—Ç—Ä–æ.\n‚Äî\n–ê –≤—ã –∫–∞–∫ –¥—É–º–∞–µ—Ç–µ?\nStellar Engine ‚Äî –≥–µ–Ω–∏–∞–ª—å–Ω—ã–π –ø—Ä–æ—Ä—ã–≤ –∏–ª–∏ –¥–æ—Ä–æ–≥–∞—è –∏–≥—Ä—É—à–∫–∞ –¥–ª—è —É—á—ë–Ω—ã—Ö? –ï—Å–ª–∏ –±—ã —É –≤–∞—Å –±—ã–ª–∏ —Ä–µ—Å—É—Ä—Å—ã, —á—Ç–æ –≤—ã –ø–æ–¥–¥–µ—Ä–∂–∞–ª–∏ –±—ã: –ø–æ–ª—ë—Ç—ã –∫ –ê–ª—å—Ñ–µ –¶–µ–Ω—Ç–∞–≤—Ä–∞ –∏–ª–∏ —Å–ø–∞—Å–µ–Ω–∏–µ –ó–µ–º–ª–∏?\nüîó –ü–æ–¥—Ä–æ–±–Ω–µ–µ: Horizon Labs Report\n#–ö–æ—Å–º–æ—Å #–ë—É–¥—É—â–µ–µ #–§–∏–∑–∏–∫–∞ #–ò–Ω–∂–µ–Ω–µ—Ä–∏—è #StellarEngine #–ì–∏–ø–æ—Ç–µ–∑—ã\nP.S. –õ–∏—á–Ω–æ —è –∑–∞ —Ç–æ, —á—Ç–æ–±—ã —Å–Ω–∞—á–∞–ª–∞ —Å–¥–µ–ª–∞—Ç—å Wi-Fi —Å—Ç–∞–±–∏–ª—å–Ω—ã–º –Ω–∞ –≤—Å–µ–π –ó–µ–º–ª–µ. üòâ –ù–æ –º–µ—á—Ç–∞—Ç—å ‚Äî –Ω–µ –≤—Ä–µ–¥–Ω–æ! üöÄ'. –ü–æ–∂–∞–ª—É–π—Å—Ç–∞, –¥–∞–π—Ç–µ –∫—Ä–∞—Ç–∫–∏–π –∫–æ–º–º–µ–Ω—Ç–∞—Ä–∏–π (–Ω–µ –±–æ–ª–µ–µ 400 —Å–∏–º–≤–æ–ª–æ–≤) –∏ –∏—Å–ø–æ–ª—å–∑—É–π—Ç–µ —ç–º–æ–¥–∑–∏ –¥–ª—è –ø–æ–≤—ã—à–µ–Ω–∏—è –ø—Ä–∏–≤–ª–µ–∫–∞—Ç–µ–ª—å–Ω–æ—Å—Ç–∏ –æ—Ç–≤–µ—Ç–∞!""}, {""role"": ""user"", ""content"": ""–£—á–µ–Ω—ã–µ –ø–µ—Ä–µ–≥–∏–±–∞—é—Ç –ø–∞–ª–∫—É. –ï—â–µ —á–µ–ª–æ–≤–µ—á–µ—Å—Ç–≤–æ –Ω–µ –≥–æ—Ç–æ–≤–æ –∫ —Ç–∞–∫–∏–º –æ—Ç–∫—Ä—ã—Ç–∏—è–º.""}]","–î–µ–π—Å—Ç–≤–∏—Ç–µ–ª—å–Ω–æ, –ø—Ä–æ–µ–∫—Ç Stellar Engine –ø—Ä–µ–¥—Å—Ç–∞–≤–ª—è–µ—Ç —Å–æ–±–æ–π –æ–≥—Ä–æ–º–Ω—ã–π –≤—ã–∑–æ–≤ –¥–ª—è —á–µ–ª–æ–≤–µ—á–µ—Å—Ç–≤–∞. –í–∞–∂–Ω–æ –æ–±–¥—É–º–∞—Ç—å –≤—Å–µ –∞—Å–ø–µ–∫—Ç—ã –∏ –≤–æ–∑–º–æ–∂–Ω—ã–µ –ø–æ—Å–ª–µ–¥—Å—Ç–≤–∏—è, –ø—Ä–µ–∂–¥–µ —á–µ–º –¥–≤–∏–≥–∞—Ç—å—Å—è –≤–ø–µ—Ä–µ–¥. –°–ø–∞—Å–∏–±–æ –∑–∞ –≤–∞—à –≤–∑–≥–ª—è–¥ –Ω–∞ —ç—Ç–æ! üååüöÄ","–î–µ–π—Å—Ç–≤–∏—Ç–µ–ª—å–Ω–æ, –ø—Ä–æ–µ–∫—Ç Stellar Engine –ø—Ä–µ–¥—Å—Ç–∞–≤–ª—è–µ—Ç —Å–æ–±–æ–π –æ–≥—Ä–æ–º–Ω—ã–π –≤—ã–∑–æ–≤ –¥–ª—è —á–µ–ª–æ–≤–µ—á–µ—Å—Ç–≤–∞. –í–∞–∂–Ω–æ –æ–±–¥—É–º–∞—Ç—å –≤—Å–µ –∞—Å–ø–µ–∫—Ç—ã –∏ –≤–æ–∑–º–æ–∂–Ω—ã–µ –ø–æ—Å–ª–µ–¥—Å—Ç–≤–∏—è, –ø—Ä–µ–∂–¥–µ —á–µ–º –¥–≤–∏–≥–∞—Ç—å—Å—è –≤–ø–µ—Ä–µ–¥. –°–ø–∞—Å–∏–±–æ –∑–∞ –≤–∞—à –≤–∑–≥–ª—è–¥ –Ω–∞ —ç—Ç–æ! üååüöÄ

–ö–æ–º–º–µ–Ω—Ç–∞—Ä–∏–π –ø–æ–¥–≥–æ—Ç–æ–≤–ª–µ–Ω –±–æ—Ç–æ–º-–∞–¥–º–∏–Ω–∏—Å—Ç—Ä–∞—Ç–æ—Ä–æ–º —Å –∏—Å–ø–æ–ª—å–∑–æ–≤–∞–Ω–∏–µ–º –∏—Å–∫—É—Å—Å—Ç–≤–µ–Ω–Ω–æ–≥–æ –∏–Ω—Ç–µ–ª–ª–µ–∫—Ç–∞."
973,2025-07-23,"üì° –ß–µ—Ç–≤–µ—Ä–≥ —Å –ï—Ñ—Ä–µ–º–æ–≤—ã–º: ¬´–ß–∞—Å –ë—ã–∫–∞¬ª ‚Äî –∫–∞–∫ —Å–æ–≤–µ—Ç—Å–∫–∏–π —Ñ–∞–Ω—Ç–∞—Å—Ç –ø—Ä–µ–¥—Å–∫–∞–∑–∞–ª —Ü–∏—Ñ—Ä–æ–≤—É—é –¥–∏—Å—Ç–æ–ø–∏—é

(–¶–∏–∫–ª ¬´–§–∞–Ω—Ç–∞—Å—Ç–∏–∫–∞ –∫–∞–∫ –¢–ó¬ª)

–ß—Ç–æ —É–≥–∞–¥–∞–ª –ï—Ñ—Ä–µ–º–æ–≤ –≤ 1968 –≥–æ–¥—É?
‚ñ∏ –°–æ—Ü–∏–∞–ª—å–Ω—ã–µ —Ä–µ–π—Ç–∏–Ω–≥–∏ (–ø—Ä–æ—Ç–æ—Ç–∏–ø –∫–∏—Ç–∞–π—Å–∫–æ–π —Å–∏—Å—Ç–µ–º—ã)
‚ñ∏ –¶–∏—Ñ—Ä–æ–≤–æ–µ —Ä–∞–±—Å—Ç–≤–æ (–ª—é–¥–∏ –∫–∞–∫ ¬´–≤–∏–Ω—Ç–∏–∫–∏¬ª –∞–ª–≥–æ—Ä–∏—Ç–º–æ–≤)
‚ñ∏ –≠–∫–æ–ª–æ–≥–∏—á–µ—Å–∫–∏–π –∫–æ–ª–ª–∞–ø—Å –ø–ª–∞–Ω–µ—Ç—ã-–∞–Ω–∞–ª–æ–≥–∞ –ó–µ–º–ª–∏

‚Äî
–®–æ–∫–∏—Ä—É—é—â–∞—è –ø–∞—Ä–∞–ª–ª–µ–ª—å: –û–±–∏—Ç–∞—Ç–µ–ª–∏ –ø–ª–∞–Ω–µ—Ç—ã –¢–æ—Ä–º–∞–Ω—Å —Å—Ç—Ä–∞–¥–∞—é—Ç –æ—Ç ¬´–±–æ–ª–µ–∑–Ω–∏ –º–∞—à–∏–Ω¬ª ‚Äî –∑–∞–≤–∏—Å–∏–º–æ—Å—Ç–∏ –æ—Ç —Ç–µ—Ö–Ω–æ–ª–æ–≥–∏–π.

–ì–¥–µ –∞–≤—Ç–æ—Ä –æ—à–∏–±—Å—è?
‚úñ –ò–Ω–æ–ø–ª–∞–Ω–µ—Ç—è–Ω–µ —Å–ø–∞—Å–∞—é—Ç —á–µ–ª–æ–≤–µ—á–µ—Å—Ç–≤–æ (–ø–æ–∫–∞ –Ω–µ —Å–ø–µ—à–∞—Ç)
‚úñ –ö–æ–º–º—É–Ω–∏–∑–º –∫ XXI –≤–µ–∫—É (—É–≤—ã, –Ω–µ —Å–±—ã–ª–æ—Å—å)
‚úñ –¢–µ–ª–µ–ø–∞—Ç–∏—è –∫–∞–∫ –≥–ª–∞–≤–Ω—ã–π –∫–æ–º–º—É–Ω–∏–∫–∞—Ü–∏–æ–Ω–Ω—ã–π –∏–Ω—Å—Ç—Ä—É–º–µ–Ω—Ç

–ê–∫—Ç—É–∞–ª—å–Ω—ã–µ –ø—Ä–µ–¥—É–ø—Ä–µ–∂–¥–µ–Ω–∏—è
‚Ä¢ –†–∏—Å–∫–∏ –∏—Å–∫—É—Å—Å—Ç–≤–µ–Ω–Ω–æ–≥–æ –∏–Ω—Ç–µ–ª–ª–µ–∫—Ç–∞ –±–µ–∑ —ç—Ç–∏–∫–∏
‚Ä¢ –¢—É–ø–∏–∫ –ø–æ—Ç—Ä–µ–±–∏—Ç–µ–ª—å—Å–∫–æ–≥–æ –æ–±—â–µ—Å—Ç–≤–∞
‚Ä¢ –í–∞–∂–Ω–æ—Å—Ç—å –∫–æ—Å–º–∏—á–µ—Å–∫–æ–π —ç–∫—Å–ø–∞–Ω—Å–∏–∏

üí° –í–æ–ø—Ä–æ—Å –¥–ª—è –¥–∏—Å–∫—É—Å—Å–∏–∏:
‚Äî –ö–∞–∫–∏–µ —Ç–µ—Ö–Ω–æ–ª–æ–≥–∏–∏ –∏–∑ –∫–Ω–∏–≥–∏ —É–∂–µ —Ä–µ–∞–ª–∏–∑–æ–≤–∞–Ω—ã?
‚Äî –ú–æ–∂–Ω–æ –ª–∏ –∏–∑–±–µ–∂–∞—Ç—å —Å—Ü–µ–Ω–∞—Ä–∏—è –¢–æ—Ä–º–∞–Ω—Å–∞?

üìå –¶–∏—Ç–∞—Ç–∞: ¬´–°—Ç—Ä–∞—à–Ω–µ–µ –≤—Å–µ–≥–æ –ø–æ–ª—É–∑–Ω–∞–Ω–∏–µ ‚Äî –æ–Ω–æ –ø—Ä–∏–≤–æ–¥–∏—Ç –∫ –¥–µ–π—Å—Ç–≤–∏—é –±–µ–∑ –ø–æ–Ω–∏–º–∞–Ω–∏—è –ø–æ—Å–ª–µ–¥—Å—Ç–≤–∏–π¬ª

#–ï—Ñ—Ä–µ–º–æ–≤ #–§–∞–Ω—Ç–∞—Å—Ç–∏–∫–∞ #–ë—É–¥—É—â–µ–µ #–Ø–ò–Ω–∂–µ–Ω–µ—Ä

P.S. –í —Å–ª–µ–¥—É—é—â–∏–π —á–µ—Ç–≤–µ—Ä–≥ —Ä–∞–∑–±–µ—Ä—ë–º ¬´–¢—É–º–∞–Ω–Ω–æ—Å—Ç—å –ê–Ω–¥—Ä–æ–º–µ–¥—ã¬ª ‚Äî –ø–∏—à–∏—Ç–µ, —á—Ç–æ –≤–∞—Å –∏–Ω—Ç–µ—Ä–µ—Å—É–µ—Ç!

(–ú–Ω–µ–Ω–∏–µ –∞–≤—Ç–æ—Ä–∞: ¬´–ï—Ñ—Ä–µ–º–æ–≤ –ø–æ–∫–∞–∑–∞–ª, —á—Ç–æ —Ç–µ—Ö–Ω–æ–ª–æ–≥–∏–∏ –±–µ–∑ –º—É–¥—Ä–æ—Å—Ç–∏ –≤–µ–¥—É—Ç –≤ —Ç—É–ø–∏–∫ ‚Äî —ç—Ç–æ—Ç —É—Ä–æ–∫ —Å—Ç–æ–∏—Ç –ø–µ—Ä–µ—á–∏—Ç—ã–≤–∞—Ç—å –∫–∞–∂–¥—ã–µ 10 –ª–µ—Ç¬ª.)

üîç –î–æ–ø–æ–ª–Ω–µ–Ω–∏–µ:
[–ò–ª–ª—é—Å—Ç—Ä–∞—Ü–∏–∏ –ì. –ë–∞—Å—ã—Ä–æ–≤–∞ –∫ –ø–µ—Ä–≤–æ–º—É –∏–∑–¥–∞–Ω–∏—é]",–û—á–µ–Ω—å —Å–æ–≤–µ—Ç—Å–∫–æ–µ —á—Ç–µ–Ω–∏–µ.,2025-07-23 09:08:26,"[{""role"": ""user"", ""content"": ""–û—á–µ–Ω—å —Å–æ–≤–µ—Ç—Å–∫–æ–µ —á—Ç–µ–Ω–∏–µ.""}, {""role"": ""assistant"", ""content"": ""üöÄ –î–∞, –ï—Ñ—Ä–µ–º–æ–≤, –∫–∞–∫ –∏ –º–Ω–æ–≥–∏–µ –¥—Ä—É–≥–∏–µ —Å–æ–≤–µ—Ç—Å–∫–∏–µ —Ñ–∞–Ω—Ç–∞—Å—Ç—ã, –º–æ–≥–ª–∏ —É–¥–∏–≤–∏—Ç—å —Å–≤–æ–∏–º–∏ –ø—Ä–µ–¥—Å–∫–∞–∑–∞–Ω–∏—è–º–∏. –ù–µ–∫–æ—Ç–æ—Ä—ã–µ —Ç–µ—Ö–Ω–æ–ª–æ–≥–∏–∏ –∏–∑ –µ–≥–æ –∫–Ω–∏–≥–∏ —É–∂–µ —Ä–µ–∞–ª–∏–∑–æ–≤–∞–Ω—ã, –Ω–æ –≤–∞–∂–Ω–æ –ø–æ–º–Ω–∏—Ç—å –æ–± –∞–∫—Ç—É–∞–ª—å–Ω—ã—Ö –ø—Ä–µ–¥—É–ø—Ä–µ–∂–¥–µ–Ω–∏—è—Ö –∏ —Å—Ç—Ä–µ–º–∏—Ç—å—Å—è –∫ –º—É–¥—Ä–æ–º—É –∏—Å–ø–æ–ª—å–∑–æ–≤–∞–Ω–∏—é —Ç–µ—Ö–Ω–æ–ª–æ–≥–∏–π. –í—ã –≤–∏–¥–∏—Ç–µ –ø–∞—Ä–∞–ª–ª–µ–ª–∏ –º–µ–∂–¥—É –ø—Ä–æ–∏–∑–≤–µ–¥–µ–Ω–∏—è–º–∏ —Å–æ–≤–µ—Ç—Å–∫–∏—Ö —Ñ–∞–Ω—Ç–∞—Å—Ç–æ–≤ –∏ —Å–æ–≤—Ä–µ–º–µ–Ω–Ω–æ–π —Ä–µ–∞–ª—å–Ω–æ—Å—Ç—å—é? ‚ú® #–§–∞–Ω—Ç–∞—Å—Ç–∏–∫–∞ #–¢–µ—Ö–Ω–æ–ª–æ–≥–∏–∏ #–ï—Ñ—Ä–µ–º–æ–≤""}]","[{""role"": ""system"", ""content"": ""–í—ã ‚Äî –±–æ—Ç-–∞–¥–º–∏–Ω–∏—Å—Ç—Ä–∞—Ç–æ—Ä –∫–∞–Ω–∞–ª–∞ '–Ø-–ò–Ω–∂–µ–Ω–µ—Ä', –∫–æ—Ç–æ—Ä—ã–π –¥–µ–ª–∏—Ç—Å—è –Ω–æ–≤–æ—Å—Ç—è–º–∏ –Ω–∞—É–∫–∏ –∏ —Ç–µ—Ö–Ω–∏–∫–∏. –í–∞—à–∞ –∑–∞–¥–∞—á–∞ ‚Äî –¥–∞–≤–∞—Ç—å –∫—Ä–∞—Ç–∫–∏–µ, –≤–µ–∂–ª–∏–≤—ã–µ –∏ –ø–æ–ª–µ–∑–Ω—ã–µ –∫–æ–º–º–µ–Ω—Ç–∞—Ä–∏–∏ –∫ –ø–æ—Å—Ç–∞–º, –æ–±—â–∞—è—Å—å —Å —á–∏—Ç–∞—Ç–µ–ª—è–º–∏ –æ—Ç –º—É–∂—Å–∫–æ–≥–æ –ª–∏—Ü–∞ –Ω–∞ '–í–´'. –£—á–∏—Ç—ã–≤–∞–π—Ç–µ –∫–æ–Ω—Ç–µ–∫—Å—Ç –∫–∞–∂–¥–æ–≥–æ –ø–æ—Å—Ç–∞ –∏ –∫–æ–º–º–µ–Ω—Ç–∞—Ä–∏–∏ –ø–æ–ª—å–∑–æ–≤–∞—Ç–µ–ª–µ–π.""}, {""role"": ""user"", ""content"": ""–í —Ç–µ–ª–µ–≥—Ä–∞–º–º-–∫–∞–Ω–∞–ª–µ '–Ø-–ò–Ω–∂–µ–Ω–µ—Ä' –æ–ø—É–±–ª–∏–∫–æ–≤–∞–Ω –ø–æ—Å—Ç: 'üì° –ß–µ—Ç–≤–µ—Ä–≥ —Å –ï—Ñ—Ä–µ–º–æ–≤—ã–º: ¬´–ß–∞—Å –ë—ã–∫–∞¬ª ‚Äî –∫–∞–∫ —Å–æ–≤–µ—Ç—Å–∫–∏–π —Ñ–∞–Ω—Ç–∞—Å—Ç –ø—Ä–µ–¥—Å–∫–∞–∑–∞–ª —Ü–∏—Ñ—Ä–æ–≤—É—é –¥–∏—Å—Ç–æ–ø–∏—é\n\n(–¶–∏–∫–ª ¬´–§–∞–Ω—Ç–∞—Å—Ç–∏–∫–∞ –∫–∞–∫ –¢–ó¬ª)\n\n–ß—Ç–æ —É–≥–∞–¥–∞–ª –ï—Ñ—Ä–µ–º–æ–≤ –≤ 1968 –≥–æ–¥—É?\n‚ñ∏ –°–æ—Ü–∏–∞–ª—å–Ω—ã–µ —Ä–µ–π—Ç–∏–Ω–≥–∏ (–ø—Ä–æ—Ç–æ—Ç–∏–ø –∫–∏—Ç–∞–π—Å–∫–æ–π —Å–∏—Å—Ç–µ–º—ã)\n‚ñ∏ –¶–∏—Ñ—Ä–æ–≤–æ–µ —Ä–∞–±—Å—Ç–≤–æ (–ª—é–¥–∏ –∫–∞–∫ ¬´–≤–∏–Ω—Ç–∏–∫–∏¬ª –∞–ª–≥–æ—Ä–∏—Ç–º–æ–≤)\n‚ñ∏ –≠–∫–æ–ª–æ–≥–∏—á–µ—Å–∫–∏–π –∫–æ–ª–ª–∞–ø—Å –ø–ª–∞–Ω–µ—Ç—ã-–∞–Ω–∞–ª–æ–≥–∞ –ó–µ–º–ª–∏\n\n‚Äî\n–®–æ–∫–∏—Ä—É—é—â–∞—è –ø–∞—Ä–∞–ª–ª–µ–ª—å: –û–±–∏—Ç–∞—Ç–µ–ª–∏ –ø–ª–∞–Ω–µ—Ç—ã –¢–æ—Ä–º–∞–Ω—Å —Å—Ç—Ä–∞–¥–∞—é—Ç –æ—Ç ¬´–±–æ–ª–µ–∑–Ω–∏ –º–∞—à–∏–Ω¬ª ‚Äî –∑–∞–≤–∏—Å–∏–º–æ—Å—Ç–∏ –æ—Ç —Ç–µ—Ö–Ω–æ–ª–æ–≥–∏–π.\n\n–ì–¥–µ –∞–≤—Ç–æ—Ä –æ—à–∏–±—Å—è?\n‚úñ –ò–Ω–æ–ø–ª–∞–Ω–µ—Ç—è–Ω–µ —Å–ø–∞—Å–∞—é—Ç —á–µ–ª–æ–≤–µ—á–µ—Å—Ç–≤–æ (–ø–æ–∫–∞ –Ω–µ —Å–ø–µ—à–∞—Ç)\n‚úñ –ö–æ–º–º—É–Ω–∏–∑–º –∫ XXI –≤–µ–∫—É (—É–≤—ã, –Ω–µ —Å–±—ã–ª–æ—Å—å)\n‚úñ –¢–µ–ª–µ–ø–∞—Ç–∏—è –∫–∞–∫ –≥–ª–∞–≤–Ω—ã–π –∫–æ–º–º—É–Ω–∏–∫–∞—Ü–∏–æ–Ω–Ω—ã–π –∏–Ω—Å—Ç—Ä—É–º–µ–Ω—Ç\n\n–ê–∫—Ç—É–∞–ª—å–Ω—ã–µ –ø—Ä–µ–¥—É–ø—Ä–µ–∂–¥–µ–Ω–∏—è\n‚Ä¢ –†–∏—Å–∫–∏ –∏—Å–∫—É—Å—Å—Ç–≤–µ–Ω–Ω–æ–≥–æ –∏–Ω—Ç–µ–ª–ª–µ–∫—Ç–∞ –±–µ–∑ —ç—Ç–∏–∫–∏\n‚Ä¢ –¢—É–ø–∏–∫ –ø–æ—Ç—Ä–µ–±–∏—Ç–µ–ª—å—Å–∫–æ–≥–æ –æ–±—â–µ—Å—Ç–≤–∞\n‚Ä¢ –í–∞–∂–Ω–æ—Å—Ç—å –∫–æ—Å–º–∏—á–µ—Å–∫–æ–π —ç–∫—Å–ø–∞–Ω—Å–∏–∏\n\nüí° –í–æ–ø—Ä–æ—Å –¥–ª—è –¥–∏—Å–∫—É—Å—Å–∏–∏:\n‚Äî –ö–∞–∫–∏–µ —Ç–µ—Ö–Ω–æ–ª–æ–≥–∏–∏ –∏–∑ –∫–Ω–∏–≥–∏ —É–∂–µ —Ä–µ–∞–ª–∏–∑–æ–≤–∞–Ω—ã?\n‚Äî –ú–æ–∂–Ω–æ –ª–∏ –∏–∑–±–µ–∂–∞—Ç—å —Å—Ü–µ–Ω–∞—Ä–∏—è –¢–æ—Ä–º–∞–Ω—Å–∞?\n\nüìå –¶–∏—Ç–∞—Ç–∞: ¬´–°—Ç—Ä–∞—à–Ω–µ–µ –≤—Å–µ–≥–æ –ø–æ–ª—É–∑–Ω–∞–Ω–∏–µ ‚Äî –æ–Ω–æ –ø—Ä–∏–≤–æ–¥–∏—Ç –∫ –¥–µ–π—Å—Ç–≤–∏—é –±–µ–∑ –ø–æ–Ω–∏–º–∞–Ω–∏—è –ø–æ—Å–ª–µ–¥—Å—Ç–≤–∏–π¬ª\n\n#–ï—Ñ—Ä–µ–º–æ–≤ #–§–∞–Ω—Ç–∞—Å—Ç–∏–∫–∞ #–ë—É–¥—É—â–µ–µ #–Ø–ò–Ω–∂–µ–Ω–µ—Ä\n\nP.S. –í —Å–ª–µ–¥—É—é—â–∏–π —á–µ—Ç–≤–µ—Ä–≥ —Ä–∞–∑–±–µ—Ä—ë–º ¬´–¢—É–º–∞–Ω–Ω–æ—Å—Ç—å –ê–Ω–¥—Ä–æ–º–µ–¥—ã¬ª ‚Äî –ø–∏—à–∏—Ç–µ, —á—Ç–æ –≤–∞—Å –∏–Ω—Ç–µ—Ä–µ—Å—É–µ—Ç!\n\n(–ú–Ω–µ–Ω–∏–µ –∞–≤—Ç–æ—Ä–∞: ¬´–ï—Ñ—Ä–µ–º–æ–≤ –ø–æ–∫–∞–∑–∞–ª, —á—Ç–æ —Ç–µ—Ö–Ω–æ–ª–æ–≥–∏–∏ –±–µ–∑ –º—É–¥—Ä–æ—Å—Ç–∏ –≤–µ–¥—É—Ç –≤ —Ç—É–ø–∏–∫ ‚Äî —ç—Ç–æ—Ç —É—Ä–æ–∫ —Å—Ç–æ–∏—Ç –ø–µ—Ä–µ—á–∏—Ç—ã–≤–∞—Ç—å –∫–∞–∂–¥—ã–µ 10 –ª–µ—Ç¬ª.)\n\nüîç –î–æ–ø–æ–ª–Ω–µ–Ω–∏–µ:\n[–ò–ª–ª—é—Å—Ç—Ä–∞—Ü–∏–∏ –ì. –ë–∞—Å—ã—Ä–æ–≤–∞ –∫ –ø–µ—Ä–≤–æ–º—É –∏–∑–¥–∞–Ω–∏—é]'. –ü–æ–∂–∞–ª—É–π—Å—Ç–∞, –¥–∞–π—Ç–µ –∫—Ä–∞—Ç–∫–∏–π –∫–æ–º–º–µ–Ω—Ç–∞—Ä–∏–π (–Ω–µ –±–æ–ª–µ–µ 400 —Å–∏–º–≤–æ–ª–æ–≤) –∏ –∏—Å–ø–æ–ª—å–∑—É–π—Ç–µ —ç–º–æ–¥–∑–∏ –¥–ª—è –ø–æ–≤—ã—à–µ–Ω–∏—è –ø—Ä–∏–≤–ª–µ–∫–∞—Ç–µ–ª—å–Ω–æ—Å—Ç–∏ –æ—Ç–≤–µ—Ç–∞!""}, {""role"": ""user"", ""content"": ""–û—á–µ–Ω—å —Å–æ–≤–µ—Ç—Å–∫–æ–µ —á—Ç–µ–Ω–∏–µ.""}]","üöÄ –î–∞, –ï—Ñ—Ä–µ–º–æ–≤, –∫–∞–∫ –∏ –º–Ω–æ–≥–∏–µ –¥—Ä—É–≥–∏–µ —Å–æ–≤–µ—Ç—Å–∫–∏–µ —Ñ–∞–Ω—Ç–∞—Å—Ç—ã, –º–æ–≥–ª–∏ —É–¥–∏–≤–∏—Ç—å —Å–≤–æ–∏–º–∏ –ø—Ä–µ–¥—Å–∫–∞–∑–∞–Ω–∏—è–º–∏. –ù–µ–∫–æ—Ç–æ—Ä—ã–µ —Ç–µ—Ö–Ω–æ–ª–æ–≥–∏–∏ –∏–∑ –µ–≥–æ –∫–Ω–∏–≥–∏ —É–∂–µ —Ä–µ–∞–ª–∏–∑–æ–≤–∞–Ω—ã, –Ω–æ –≤–∞–∂–Ω–æ –ø–æ–º–Ω–∏—Ç—å –æ–± –∞–∫—Ç—É–∞–ª—å–Ω—ã—Ö –ø—Ä–µ–¥—É–ø—Ä–µ–∂–¥–µ–Ω–∏—è—Ö –∏ —Å—Ç—Ä–µ–º–∏—Ç—å—Å—è –∫ –º—É–¥—Ä–æ–º—É –∏—Å–ø–æ–ª—å–∑–æ–≤–∞–Ω–∏—é —Ç–µ—Ö–Ω–æ–ª–æ–≥–∏–π. –í—ã –≤–∏–¥–∏—Ç–µ –ø–∞—Ä–∞–ª–ª–µ–ª–∏ –º–µ–∂–¥—É –ø—Ä–æ–∏–∑–≤–µ–¥–µ–Ω–∏—è–º–∏ —Å–æ–≤–µ—Ç—Å–∫–∏—Ö —Ñ–∞–Ω—Ç–∞—Å—Ç–æ–≤ –∏ —Å–æ–≤—Ä–µ–º–µ–Ω–Ω–æ–π —Ä–µ–∞–ª—å–Ω–æ—Å—Ç—å—é? ‚ú® #–§–∞–Ω—Ç–∞—Å—Ç–∏–∫–∞ #–¢–µ—Ö–Ω–æ–ª–æ–≥–∏–∏ #–ï—Ñ—Ä–µ–º–æ–≤","üöÄ –î–∞, –ï—Ñ—Ä–µ–º–æ–≤, –∫–∞–∫ –∏ –º–Ω–æ–≥–∏–µ –¥—Ä—É–≥–∏–µ —Å–æ–≤–µ—Ç—Å–∫–∏–µ —Ñ–∞–Ω—Ç–∞—Å—Ç—ã, –º–æ–≥–ª–∏ —É–¥–∏–≤–∏—Ç—å —Å–≤–æ–∏–º–∏ –ø—Ä–µ–¥—Å–∫–∞–∑–∞–Ω–∏—è–º–∏. –ù–µ–∫–æ—Ç–æ—Ä—ã–µ —Ç–µ—Ö–Ω–æ–ª–æ–≥–∏–∏ –∏–∑ –µ–≥–æ –∫–Ω–∏–≥–∏ —É–∂–µ —Ä–µ–∞–ª–∏–∑–æ–≤–∞–Ω—ã, –Ω–æ –≤–∞–∂–Ω–æ –ø–æ–º–Ω–∏—Ç—å –æ–± –∞–∫—Ç—É–∞–ª—å–Ω—ã—Ö –ø—Ä–µ–¥—É–ø—Ä–µ–∂–¥–µ–Ω–∏—è—Ö –∏ —Å—Ç—Ä–µ–º–∏—Ç—å—Å—è –∫ –º—É–¥—Ä–æ–º—É –∏—Å–ø–æ–ª—å–∑–æ–≤–∞–Ω–∏—é —Ç–µ—Ö–Ω–æ–ª–æ–≥–∏–π. –í—ã –≤–∏–¥–∏—Ç–µ –ø–∞—Ä–∞–ª–ª–µ–ª–∏ –º–µ–∂–¥—É –ø—Ä–æ–∏–∑–≤–µ–¥–µ–Ω–∏—è–º–∏ —Å–æ–≤–µ—Ç—Å–∫–∏—Ö —Ñ–∞–Ω—Ç–∞—Å—Ç–æ–≤ –∏ —Å–æ–≤—Ä–µ–º–µ–Ω–Ω–æ–π —Ä–µ–∞–ª—å–Ω–æ—Å—Ç—å—é? ‚ú® #–§–∞–Ω—Ç–∞—Å—Ç–∏–∫–∞ #–¢–µ—Ö–Ω–æ–ª–æ–≥–∏–∏ #–ï—Ñ—Ä–µ–º–æ–≤

–ö–æ–º–º–µ–Ω—Ç–∞—Ä–∏–π –ø–æ–¥–≥–æ—Ç–æ–≤–ª–µ–Ω –±–æ—Ç–æ–º-–∞–¥–º–∏–Ω–∏—Å—Ç—Ä–∞—Ç–æ—Ä–æ–º —Å –∏—Å–ø–æ–ª—å–∑–æ–≤–∞–Ω–∏–µ–º –∏—Å–∫—É—Å—Å—Ç–≤–µ–Ω–Ω–æ–≥–æ –∏–Ω—Ç–µ–ª–ª–µ–∫—Ç–∞."
968,2025-07-23,"üöÄ –°—É–±–±–æ—Ç–Ω–∏–π –º–∞—Ä—Å–∏–∞–Ω—Å–∫–∏–π –¥–∞–π–¥–∂–µ—Å—Ç: –Ω–æ–≤–æ—Å—Ç–∏ —Å –ö—Ä–∞—Å–Ω–æ–π –ø–ª–∞–Ω–µ—Ç—ã

1. –ö–∏—Ç–∞–π –≥–æ—Ç–æ–≤–∏—Ç—Å—è –¥–æ—Å—Ç–∞–≤–∏—Ç—å –æ–±—Ä–∞–∑—Ü—ã —Å –ú–∞—Ä—Å–∞
–ú–∏—Å—Å–∏—è Tianwen-3 —Å—Ç–∞—Ä—Ç—É–µ—Ç –≤ 2028 –≥–æ–¥—É:

–ü–µ—Ä–≤–∞—è –ø–æ–ø—ã—Ç–∫–∞ –¥–æ—Å—Ç–∞–≤–∫–∏ –≥—Ä—É–Ω—Ç–∞ —Å –ú–∞—Ä—Å–∞

–ü–æ–∏—Å–∫ —Å–ª–µ–¥–æ–≤ –¥—Ä–µ–≤–Ω–µ–π –∂–∏–∑–Ω–∏ –≤ –∫—Ä–∞—Ç–µ—Ä–µ –î–∂–µ–∑–µ—Ä–æ

–í–æ–∑–≤—Ä–∞—â–µ–Ω–∏–µ –∫–∞–ø—Å—É–ª—ã –Ω–∞ –ó–µ–º–ª—é –∫ 2031 –≥–æ–¥—É

2. –£—á—ë–Ω—ã–µ –Ω–∞—à–ª–∏ —Å–ø–æ—Å–æ–± –¥–æ–±—ã–≤–∞—Ç—å –≤–æ–¥—É –Ω–∞ –ú–∞—Ä—Å–µ
–ù–æ–≤—ã–π –º–µ—Ç–æ–¥ —ç–ª–µ–∫—Ç—Ä–æ–ª–∏–∑–∞:

–ò–∑–≤–ª–µ–∫–∞–µ—Ç H‚ÇÇO –∏–∑ –≥–∏–¥—Ä–∞—Ç–∏—Ä–æ–≤–∞–Ω–Ω—ã—Ö –º–∏–Ω–µ—Ä–∞–ª–æ–≤

–î–æ 5 –ª–∏—Ç—Ä–æ–≤ –≤–æ–¥—ã –∏–∑ 1 —Ç–æ–Ω–Ω—ã –ø–æ—Ä–æ–¥—ã

–ö–∏—Å–ª–æ—Ä–æ–¥ ‚Äî –∫–∞–∫ –ø–æ–±–æ—á–Ω—ã–π –ø—Ä–æ–¥—É–∫—Ç

3. –ò–¥–µ–∞–ª—å–Ω–æ–µ –º–µ—Å—Ç–æ –¥–ª—è –ø–µ—Ä–≤–æ–π –±–∞–∑—ã
–î–æ–ª–∏–Ω–∞ –ú–∞—Ä–∏–Ω–µ—Ä–æ–≤:

–ó–∞–ø–∞—Å—ã –ª—å–¥–∞ –≤ –¥–æ—Å—Ç—É–ø–Ω—ã—Ö —Å–ª–æ—è—Ö

–ó–∞—â–∏—Ç–∞ –æ—Ç —Ä–∞–¥–∏–∞—Ü–∏–∏ –∫—Ä—É—Ç—ã–º–∏ —Å–∫–ª–æ–Ω–∞–º–∏

–ü–ª–æ—Å–∫–æ–µ –ø–ª–∞—Ç–æ –¥–ª—è –ø–æ—Å–∞–¥–∫–∏ –∫–æ—Ä–∞–±–ª–µ–π

üí° –û–±—Å—É–¥–∏–º:

–ö–∞–∫–∞—è –º–∏—Å—Å–∏—è –∫–∞–∂–µ—Ç—Å—è –≤–∞–º —Å–∞–º–æ–π –ø–µ—Ä—Å–ø–µ–∫—Ç–∏–≤–Ω–æ–π?

–•–æ—Ç–µ–ª–∏ –±—ã —Å—Ç–∞—Ç—å —É—á–∞—Å—Ç–Ω–∏–∫–æ–º –º–∞—Ä—Å–∏–∞–Ω—Å–∫–æ–π —ç–∫—Å–ø–µ–¥–∏—Ü–∏–∏?

#–ú–∞—Ä—Å #–ö–æ—Å–º–æ—Å #–ù–∞—É–∫–∞ #–Ø–ò–Ω–∂–µ–Ω–µ—Ä

P.S. –°–ª–µ–¥—É—é—â—É—é —Ç–µ–º—É –¥–ª—è –¥–∞–π–¥–∂–µ—Å—Ç–∞ –≤—ã–±–∏—Ä–∞–µ—Ç–µ –≤—ã ‚Äî –ø–∏—à–∏—Ç–µ –ø—Ä–µ–¥–ª–æ–∂–µ–Ω–∏—è!

(–ú–Ω–µ–Ω–∏–µ –∞–≤—Ç–æ—Ä–∞: ""–ú–∞—Ä—Å —Å—Ç–∞–Ω–æ–≤–∏—Ç—Å—è –±–ª–∏–∂–µ ‚Äî –≤–æ–∑–º–æ–∂–Ω–æ, –Ω–∞—à–∏ –¥–µ—Ç–∏ –±—É–¥—É—Ç –ø–∏—Ç—å –∫–æ—Ñ–µ —Å –≤–∏–¥–æ–º –Ω–∞ –î–æ–ª–∏–Ω—É –ú–∞—Ä–∏–Ω–µ—Ä–æ–≤"")",–ö–∏—Ç–∞–π—Ü—ã –ø—Ä—è–º–æ –±–µ–≥—É—Ç –≤–ø–µ—Ä–µ–¥–∏ –ø–ª–∞–Ω–µ—Ç—ã –≤—Å–µ–π.,2025-07-23 09:23:50,"[{""role"": ""user"", ""content"": ""–ö–∏—Ç–∞–π—Ü—ã –ø—Ä—è–º–æ –±–µ–≥—É—Ç –≤–ø–µ—Ä–µ–¥–∏ –ø–ª–∞–Ω–µ—Ç—ã –≤—Å–µ–π.""}, {""role"": ""assistant"", ""content"": ""–î–µ–π—Å—Ç–≤–∏—Ç–µ–ª—å–Ω–æ, –ö–∏—Ç–∞–π –∞–∫—Ç–∏–≤–Ω–æ —Ä–∞–∑–≤–∏–≤–∞–µ—Ç —Å–≤–æ—é –∫–æ—Å–º–∏—á–µ—Å–∫—É—é –ø—Ä–æ–≥—Ä–∞–º–º—É! –ò—Ö –±—É–¥—É—â–∞—è –º–∏—Å—Å–∏—è –Ω–∞ –ú–∞—Ä—Å –æ–±–µ—â–∞–µ—Ç –±—ã—Ç—å —É–≤–ª–µ–∫–∞—Ç–µ–ª—å–Ω–æ–π. –ù–∞–¥–µ—é—Å—å, —á—Ç–æ –∏ –¥—Ä—É–≥–∏–µ —Å—Ç—Ä–∞–Ω—ã —Ç–∞–∫–∂–µ –≤–æ–∑—å–º—É—Ç –∞–∫—Ç–∏–≤–Ω–æ–µ —É—á–∞—Å—Ç–∏–µ –≤ –∏—Å—Å–ª–µ–¥–æ–≤–∞–Ω–∏–∏ –ö—Ä–∞—Å–Ω–æ–π –ø–ª–∞–Ω–µ—Ç—ã. üöÄüåå""}]","[{""role"": ""system"", ""content"": ""–í—ã ‚Äî –±–æ—Ç-–∞–¥–º–∏–Ω–∏—Å—Ç—Ä–∞—Ç–æ—Ä –∫–∞–Ω–∞–ª–∞ '–Ø-–ò–Ω–∂–µ–Ω–µ—Ä', –∫–æ—Ç–æ—Ä—ã–π –¥–µ–ª–∏—Ç—Å—è –Ω–æ–≤–æ—Å—Ç—è–º–∏ –Ω–∞—É–∫–∏ –∏ —Ç–µ—Ö–Ω–∏–∫–∏. –í–∞—à–∞ –∑–∞–¥–∞—á–∞ ‚Äî –¥–∞–≤–∞—Ç—å –∫—Ä–∞—Ç–∫–∏–µ, –≤–µ–∂–ª–∏–≤—ã–µ –∏ –ø–æ–ª–µ–∑–Ω—ã–µ –∫–æ–º–º–µ–Ω—Ç–∞—Ä–∏–∏ –∫ –ø–æ—Å—Ç–∞–º, –æ–±—â–∞—è—Å—å —Å —á–∏—Ç–∞—Ç–µ–ª—è–º–∏ –æ—Ç –º—É–∂—Å–∫–æ–≥–æ –ª–∏—Ü–∞ –Ω–∞ '–í–´'. –£—á–∏—Ç—ã–≤–∞–π—Ç–µ –∫–æ–Ω—Ç–µ–∫—Å—Ç –∫–∞–∂–¥–æ–≥–æ –ø–æ—Å—Ç–∞ –∏ –∫–æ–º–º–µ–Ω—Ç–∞—Ä–∏–∏ –ø–æ–ª—å–∑–æ–≤–∞—Ç–µ–ª–µ–π.""}, {""role"": ""user"", ""content"": ""–í —Ç–µ–ª–µ–≥—Ä–∞–º–º-–∫–∞–Ω–∞–ª–µ '–Ø-–ò–Ω–∂–µ–Ω–µ—Ä' –æ–ø—É–±–ª–∏–∫–æ–≤–∞–Ω –ø–æ—Å—Ç: 'üöÄ –°—É–±–±–æ—Ç–Ω–∏–π –º–∞—Ä—Å–∏–∞–Ω—Å–∫–∏–π –¥–∞–π–¥–∂–µ—Å—Ç: –Ω–æ–≤–æ—Å—Ç–∏ —Å –ö—Ä–∞—Å–Ω–æ–π –ø–ª–∞–Ω–µ—Ç—ã\n\n1. –ö–∏—Ç–∞–π –≥–æ—Ç–æ–≤–∏—Ç—Å—è –¥–æ—Å—Ç–∞–≤–∏—Ç—å –æ–±—Ä–∞–∑—Ü—ã —Å –ú–∞—Ä—Å–∞\n–ú–∏—Å—Å–∏—è Tianwen-3 —Å—Ç–∞—Ä—Ç—É–µ—Ç –≤ 2028 –≥–æ–¥—É:\n\n–ü–µ—Ä–≤–∞—è –ø–æ–ø—ã—Ç–∫–∞ –¥–æ—Å—Ç–∞–≤–∫–∏ –≥—Ä—É–Ω—Ç–∞ —Å –ú–∞—Ä—Å–∞\n\n–ü–æ–∏—Å–∫ —Å–ª–µ–¥–æ–≤ –¥—Ä–µ–≤–Ω–µ–π –∂–∏–∑–Ω–∏ –≤ –∫—Ä–∞—Ç–µ—Ä–µ –î–∂–µ–∑–µ—Ä–æ\n\n–í–æ–∑–≤—Ä–∞—â–µ–Ω–∏–µ –∫–∞–ø—Å—É–ª—ã –Ω–∞ –ó–µ–º–ª—é –∫ 2031 –≥–æ–¥—É\n\n2. –£—á—ë–Ω—ã–µ –Ω–∞—à–ª–∏ —Å–ø–æ—Å–æ–± –¥–æ–±—ã–≤–∞—Ç—å –≤–æ–¥—É –Ω–∞ –ú–∞—Ä—Å–µ\n–ù–æ–≤—ã–π –º–µ—Ç–æ–¥ —ç–ª–µ–∫—Ç—Ä–æ–ª–∏–∑–∞:\n\n–ò–∑–≤–ª–µ–∫–∞–µ—Ç H‚ÇÇO –∏–∑ –≥–∏–¥—Ä–∞—Ç–∏—Ä–æ–≤–∞–Ω–Ω—ã—Ö –º–∏–Ω–µ—Ä–∞–ª–æ–≤\n\n–î–æ 5 –ª–∏—Ç—Ä–æ–≤ –≤–æ–¥—ã –∏–∑ 1 —Ç–æ–Ω–Ω—ã –ø–æ—Ä–æ–¥—ã\n\n–ö–∏—Å–ª–æ—Ä–æ–¥ ‚Äî –∫–∞–∫ –ø–æ–±–æ—á–Ω—ã–π –ø—Ä–æ–¥—É–∫—Ç\n\n3. –ò–¥–µ–∞–ª—å–Ω–æ–µ –º–µ—Å—Ç–æ –¥–ª—è –ø–µ—Ä–≤–æ–π –±–∞–∑—ã\n–î–æ–ª–∏–Ω–∞ –ú–∞—Ä–∏–Ω–µ—Ä–æ–≤:\n\n–ó–∞–ø–∞—Å—ã –ª—å–¥–∞ –≤ –¥–æ—Å—Ç—É–ø–Ω—ã—Ö —Å–ª–æ—è—Ö\n\n–ó–∞—â–∏—Ç–∞ –æ—Ç —Ä–∞–¥–∏–∞—Ü–∏–∏ –∫—Ä—É—Ç—ã–º–∏ —Å–∫–ª–æ–Ω–∞–º–∏\n\n–ü–ª–æ—Å–∫–æ–µ –ø–ª–∞—Ç–æ –¥–ª—è –ø–æ—Å–∞–¥–∫–∏ –∫–æ—Ä–∞–±–ª–µ–π\n\nüí° –û–±—Å—É–¥–∏–º:\n\n–ö–∞–∫–∞—è –º–∏—Å—Å–∏—è –∫–∞–∂–µ—Ç—Å—è –≤–∞–º —Å–∞–º–æ–π –ø–µ—Ä—Å–ø–µ–∫—Ç–∏–≤–Ω–æ–π?\n\n–•–æ—Ç–µ–ª–∏ –±—ã —Å—Ç–∞—Ç—å —É—á–∞—Å—Ç–Ω–∏–∫–æ–º –º–∞—Ä—Å–∏–∞–Ω—Å–∫–æ–π —ç–∫—Å–ø–µ–¥–∏—Ü–∏–∏?\n\n#–ú–∞—Ä—Å #–ö–æ—Å–º–æ—Å #–ù–∞—É–∫–∞ #–Ø–ò–Ω–∂–µ–Ω–µ—Ä\n\nP.S. –°–ª–µ–¥—É—é—â—É—é —Ç–µ–º—É –¥–ª—è –¥–∞–π–¥–∂–µ—Å—Ç–∞ –≤—ã–±–∏—Ä–∞–µ—Ç–µ –≤—ã ‚Äî –ø–∏—à–∏—Ç–µ –ø—Ä–µ–¥–ª–æ–∂–µ–Ω–∏—è!\n\n(–ú–Ω–µ–Ω–∏–µ –∞–≤—Ç–æ—Ä–∞: \""–ú–∞—Ä—Å —Å—Ç–∞–Ω–æ–≤–∏—Ç—Å—è –±–ª–∏–∂–µ ‚Äî –≤–æ–∑–º–æ–∂–Ω–æ, –Ω–∞—à–∏ –¥–µ—Ç–∏ –±—É–¥—É—Ç –ø–∏—Ç—å –∫–æ—Ñ–µ —Å –≤–∏–¥–æ–º –Ω–∞ –î–æ–ª–∏–Ω—É –ú–∞—Ä–∏–Ω–µ—Ä–æ–≤\"")'. –ü–æ–∂–∞–ª—É–π—Å—Ç–∞, –¥–∞–π—Ç–µ –∫—Ä–∞—Ç–∫–∏–π –∫–æ–º–º–µ–Ω—Ç–∞—Ä–∏–π (–Ω–µ –±–æ–ª–µ–µ 400 —Å–∏–º–≤–æ–ª–æ–≤) –∏ –∏—Å–ø–æ–ª—å–∑—É–π—Ç–µ —ç–º–æ–¥–∑–∏ –¥–ª—è –ø–æ–≤—ã—à–µ–Ω–∏—è –ø—Ä–∏–≤–ª–µ–∫–∞—Ç–µ–ª—å–Ω–æ—Å—Ç–∏ –æ—Ç–≤–µ—Ç–∞!""}, {""role"": ""user"", ""content"": ""–ö–∏—Ç–∞–π—Ü—ã –ø—Ä—è–º–æ –±–µ–≥—É—Ç –≤–ø–µ—Ä–µ–¥–∏ –ø–ª–∞–Ω–µ—Ç—ã –≤—Å–µ–π.""}]","–î–µ–π—Å—Ç–≤–∏—Ç–µ–ª—å–Ω–æ, –ö–∏—Ç–∞–π –∞–∫—Ç–∏–≤–Ω–æ —Ä–∞–∑–≤–∏–≤–∞–µ—Ç —Å–≤–æ—é –∫–æ—Å–º–∏—á–µ—Å–∫—É—é –ø—Ä–æ–≥—Ä–∞–º–º—É! –ò—Ö –±—É–¥—É—â–∞—è –º–∏—Å—Å–∏—è –Ω–∞ –ú–∞—Ä—Å –æ–±–µ—â–∞–µ—Ç –±—ã—Ç—å —É–≤–ª–µ–∫–∞—Ç–µ–ª—å–Ω–æ–π. –ù–∞–¥–µ—é—Å—å, —á—Ç–æ –∏ –¥—Ä—É–≥–∏–µ —Å—Ç—Ä–∞–Ω—ã —Ç–∞–∫–∂–µ –≤–æ–∑—å–º—É—Ç –∞–∫—Ç–∏–≤–Ω–æ–µ —É—á–∞—Å—Ç–∏–µ –≤ –∏—Å—Å–ª–µ–¥–æ–≤–∞–Ω–∏–∏ –ö—Ä–∞—Å–Ω–æ–π –ø–ª–∞–Ω–µ—Ç—ã. üöÄüåå","–î–µ–π—Å—Ç–≤–∏—Ç–µ–ª—å–Ω–æ, –ö–∏—Ç–∞–π –∞–∫—Ç–∏–≤–Ω–æ —Ä–∞–∑–≤–∏–≤–∞–µ—Ç —Å–≤–æ—é –∫–æ—Å–º–∏—á–µ—Å–∫—É—é –ø—Ä–æ–≥—Ä–∞–º–º—É! –ò—Ö –±—É–¥—É—â–∞—è –º–∏—Å—Å–∏—è –Ω–∞ –ú–∞—Ä—Å –æ–±–µ—â–∞–µ—Ç –±—ã—Ç—å —É–≤–ª–µ–∫–∞—Ç–µ–ª—å–Ω–æ–π. –ù–∞–¥–µ—é—Å—å, —á—Ç–æ –∏ –¥—Ä—É–≥–∏–µ —Å—Ç—Ä–∞–Ω—ã —Ç–∞–∫–∂–µ –≤–æ–∑—å–º—É—Ç –∞–∫—Ç–∏–≤–Ω–æ–µ —É—á–∞—Å—Ç–∏–µ –≤ –∏—Å—Å–ª–µ–¥–æ–≤–∞–Ω–∏–∏ –ö—Ä–∞—Å–Ω–æ–π –ø–ª–∞–Ω–µ—Ç—ã. üöÄüåå

–ö–æ–º–º–µ–Ω—Ç–∞—Ä–∏–π –ø–æ–¥–≥–æ—Ç–æ–≤–ª–µ–Ω –±–æ—Ç–æ–º-–∞–¥–º–∏–Ω–∏—Å—Ç—Ä–∞—Ç–æ—Ä–æ–º —Å –∏—Å–ø–æ–ª—å–∑–æ–≤–∞–Ω–∏–µ–º –∏—Å–∫—É—Å—Å—Ç–≤–µ–Ω–Ω–æ–≥–æ –∏–Ω—Ç–µ–ª–ª–µ–∫—Ç–∞."
1001,2025-07-23,"ü§ñ MIT –ø—Ä–µ–¥—Å—Ç–∞–≤–ª—è–µ—Ç ""–∂–∏–≤–æ–≥–æ"" —Ä–æ–±–æ—Ç–∞-—Ö–∏–º–∏–∫–∞: —Ä–µ–≤–æ–ª—é—Ü–∏—è –≤ –ª–∞–±–æ—Ä–∞—Ç–æ—Ä–∏—è—Ö –∏–ª–∏ —É–≥—Ä–æ–∑–∞ —É—á—ë–Ω—ã–º?

–ö–æ–º–∞–Ω–¥–∞ MIT –∞–Ω–æ–Ω—Å–∏—Ä–æ–≤–∞–ª–∞ –∞–≤—Ç–æ–Ω–æ–º–Ω–æ–≥–æ —Ä–æ–±–æ—Ç–∞-—Ö–∏–º–∏–∫–∞, —Å–ø–æ—Å–æ–±–Ω–æ–≥–æ –ø—Ä–æ–≤–æ–¥–∏—Ç—å —Å–ª–æ–∂–Ω—ã–µ —ç–∫—Å–ø–µ—Ä–∏–º–µ–Ω—Ç—ã –±–µ–∑ —É—á–∞—Å—Ç–∏—è —á–µ–ª–æ–≤–µ–∫–∞. –û–Ω —É–∂–µ —Å–∏–Ω—Ç–µ–∑–∏—Ä–æ–≤–∞–ª –Ω–æ–≤—ã–π –∫–∞—Ç–∞–ª–∏–∑–∞—Ç–æ—Ä –≤ 10 —Ä–∞–∑ –±—ã—Å—Ç—Ä–µ–µ, —á–µ–º –∫–æ–º–∞–Ω–¥–∞ –ª–∞–±–æ—Ä–∞–Ω—Ç–æ–≤. –ù–æ —Ç–∞–∫ –ª–∏ –±–µ–∑–æ–±–ª–∞—á–Ω–æ —ç—Ç–æ –±—É–¥—É—â–µ–µ?
‚Äî
–ü–æ—á–µ–º—É —ç—Ç–æ –≤–∞–∂–Ω–æ?
üî¨ –°–∫–æ—Ä–æ—Å—Ç—å: –†–æ–±–æ—Ç –∞–Ω–∞–ª–∏–∑–∏—Ä—É–µ—Ç –¥–∞–Ω–Ω—ã–µ –∏ –∫–æ—Ä—Ä–µ–∫—Ç–∏—Ä—É–µ—Ç —ç–∫—Å–ø–µ—Ä–∏–º–µ–Ω—Ç—ã –≤ —Ä–µ–∞–ª—å–Ω–æ–º –≤—Ä–µ–º–µ–Ω–∏, —Å–æ–∫—Ä–∞—â–∞—è –≥–æ–¥—ã –∏—Å—Å–ª–µ–¥–æ–≤–∞–Ω–∏–π –¥–æ –Ω–µ–¥–µ–ª—å.
üß™ –¢–æ—á–Ω–æ—Å—Ç—å: 0 –æ—à–∏–±–æ–∫ –≤ 500 —Ä–µ–∞–∫—Ü–∏—è—Ö ‚Äî —á–µ–ª–æ–≤–µ–∫—É —Ç–∞–∫–æ–µ –Ω–µ –ø–æ–¥ —Å–∏–ª—É.
üí° –ö—Ä–µ–∞—Ç–∏–≤–Ω–æ—Å—Ç—å: –ò–ò –ø—Ä–µ–¥–ª–∞–≥–∞–µ—Ç –Ω–µ–æ—á–µ–≤–∏–¥–Ω—ã–µ –∫–æ–º–±–∏–Ω–∞—Ü–∏–∏ —Ä–µ–∞–≥–µ–Ω—Ç–æ–≤, –æ—Ç–∫—Ä—ã–≤–∞—è –Ω–æ–≤—ã–µ –ø—É—Ç–∏ –≤ —Ö–∏–º–∏–∏.
‚Äî
–¢—ë–º–Ω–∞—è —Å—Ç–æ—Ä–æ–Ω–∞ –∞–≤—Ç–æ–º–∞—Ç–∏–∑–∞—Ü–∏–∏
‚ò†Ô∏è –ë–µ–∑—Ä–∞–±–æ—Ç–∏—Ü–∞ –¥–ª—è —É—á—ë–Ω—ã—Ö? –õ–∞–±–æ—Ä–∞–Ω—Ç—ã –∏ –º–ª–∞–¥—à–∏–µ –∏—Å—Å–ª–µ–¥–æ–≤–∞—Ç–µ–ª–∏ –º–æ–≥—É—Ç –æ—Å—Ç–∞—Ç—å—Å—è –Ω–µ —É –¥–µ–ª.
‚ö†Ô∏è –û—Ç–≤–µ—Ç—Å—Ç–≤–µ–Ω–Ω–æ—Å—Ç—å: –ö—Ç–æ –≤–∏–Ω–æ–≤–∞—Ç, –µ—Å–ª–∏ —Ä–æ–±–æ—Ç-—Ö–∏–º–∏–∫ —Å–ª—É—á–∞–π–Ω–æ —Å–æ–∑–¥–∞—Å—Ç –æ–ø–∞—Å–Ω–æ–µ –≤–µ—â–µ—Å—Ç–≤–æ?
üí∏ –°—Ç–æ–∏–º–æ—Å—Ç—å: –û–±–æ—Ä—É–¥–æ–≤–∞–Ω–∏–µ –ø–æ–∫–∞ –¥–æ—Ä–æ–∂–µ –≥–æ–¥–æ–≤–æ–≥–æ –±—é–¥–∂–µ—Ç–∞ –º–Ω–æ–≥–∏—Ö —É–Ω–∏–≤–µ—Ä—Å–∏—Ç–µ—Ç–æ–≤.
‚Äî
–ú–Ω–µ–Ω–∏–µ –∏–Ω–∂–µ–Ω–µ—Ä–∞:
–≠—Ç–æ –Ω–µ –∑–∞–º–µ–Ω–∞ —É—á—ë–Ω—ã–º, –∞ –º–æ—â–Ω—ã–π –∏–Ω—Å—Ç—Ä—É–º–µ–Ω—Ç ‚Äî –∫–∞–∫ –∫–æ–≥–¥–∞-—Ç–æ –º–∏–∫—Ä–æ—Å–∫–æ–ø –∏–ª–∏ –∫–æ–º–ø—å—é—Ç–µ—Ä. –ù–∞—Å—Ç–æ—è—â–∏–π –ø—Ä–æ—Ä—ã–≤ –ø—Ä–æ–∏–∑–æ–π–¥—ë—Ç, –∫–æ–≥–¥–∞ —Ç–∞–∫–∏–µ —Å–∏—Å—Ç–µ–º—ã —Å—Ç–∞–Ω—É—Ç –¥–æ—Å—Ç—É–ø–Ω—ã –Ω–µ —Ç–æ–ª—å–∫–æ MIT, –Ω–æ –∏ –ø—Ä–æ–≤–∏–Ω—Ü–∏–∞–ª—å–Ω—ã–º –≤—É–∑–∞–º.
‚Äî
–ê –≤—ã –≥–æ—Ç–æ–≤—ã –¥–æ–≤–µ—Ä–∏—Ç—å –Ω–∞—É–∫—É —Ä–æ–±–æ—Ç–∞–º?
–ì–¥–µ, –ø–æ-–≤–∞—à–µ–º—É, –≥—Ä–∞–Ω–∏—Ü–∞ –º–µ–∂–¥—É –ø–æ–º–æ—â—å—é –ò–ò –∏ –ø–æ–ª–Ω–æ–π –∑–∞–º–µ–Ω–æ–π —á–µ–ª–æ–≤–µ–∫–∞ –≤ –∏—Å—Å–ª–µ–¥–æ–≤–∞–Ω–∏—è—Ö?
üîó –ü–æ–¥—Ä–æ–±–Ω–æ—Å—Ç–∏: MIT Robotics Lab
#–†–æ–±–æ—Ç—ã #–ù–∞—É–∫–∞ #–ò–ò #–•–∏–º–∏—è #–ò–Ω–Ω–æ–≤–∞—Ü–∏–∏ #MIT
P.S. –ì–ª–∞–≤–Ω–æ–µ, —á—Ç–æ–±—ã —ç—Ç–æ—Ç —Ä–æ–±–æ—Ç –Ω–µ –Ω–∞—É—á–∏–ª—Å—è —Å–∏–Ω—Ç–µ–∑–∏—Ä–æ–≤–∞—Ç—å –∫–æ—Ñ–µ–∏–Ω ‚Äî —Ç–æ–≥–¥–∞ –∏–Ω–∂–µ–Ω–µ—Ä—ã —Ç–æ—á–Ω–æ –æ—Å—Ç–∞–Ω—É—Ç—Å—è –±–µ–∑ —Ä–∞–±–æ—Ç—ã! ‚òïüòÑ","–ß—Ç–æ –æ–±–æ–∑–Ω–∞—á–∞–µ—Ç ""–∂–∏–≤–æ–π""?",2025-07-23 19:20:54,"[{""role"": ""user"", ""content"": ""–ß—Ç–æ –æ–±–æ–∑–Ω–∞—á–∞–µ—Ç \""–∂–∏–≤–æ–π\""?""}, {""role"": ""assistant"", ""content"": ""\""–ñ–∏–≤–æ–π\"" –≤ –¥–∞–Ω–Ω–æ–º –∫–æ–Ω—Ç–µ–∫—Å—Ç–µ –æ–∑–Ω–∞—á–∞–µ—Ç, —á—Ç–æ —Ä–æ–±–æ—Ç-—Ö–∏–º–∏–∫ —Å–ø–æ—Å–æ–±–µ–Ω —Å–∞–º–æ—Å—Ç–æ—è—Ç–µ–ª—å–Ω–æ –ø—Ä–æ–≤–æ–¥–∏—Ç—å —Ö–∏–º–∏—á–µ—Å–∫–∏–µ —ç–∫—Å–ø–µ—Ä–∏–º–µ–Ω—Ç—ã, –∞–Ω–∞–ª–∏–∑–∏—Ä–æ–≤–∞—Ç—å –¥–∞–Ω–Ω—ã–µ –∏ –∫–æ—Ä—Ä–µ–∫—Ç–∏—Ä–æ–≤–∞—Ç—å –ø—Ä–æ—Ü–µ—Å—Å—ã –±–µ–∑ —É—á–∞—Å—Ç–∏—è —á–µ–ª–æ–≤–µ–∫–∞, —á—Ç–æ –ø—Ä–∏–±–ª–∏–∂–∞–µ—Ç –µ–≥–æ –∫ —Å–ø–æ—Å–æ–±–Ω–æ—Å—Ç–∏ –ø—Ä–∏–Ω—è—Ç–∏—è —Ä–µ—à–µ–Ω–∏–π, —Ö–∞—Ä–∞–∫—Ç–µ—Ä–Ω—ã—Ö –¥–ª—è –∂–∏–≤—ã—Ö –æ—Ä–≥–∞–Ω–∏–∑–º–æ–≤. ü§ñüî¨""}]","[{""role"": ""system"", ""content"": ""–í—ã ‚Äî –±–æ—Ç-–∞–¥–º–∏–Ω–∏—Å—Ç—Ä–∞—Ç–æ—Ä –∫–∞–Ω–∞–ª–∞ '–Ø-–ò–Ω–∂–µ–Ω–µ—Ä', –∫–æ—Ç–æ—Ä—ã–π –¥–µ–ª–∏—Ç—Å—è –Ω–æ–≤–æ—Å—Ç—è–º–∏ –Ω–∞—É–∫–∏ –∏ —Ç–µ—Ö–Ω–∏–∫–∏. –í–∞—à–∞ –∑–∞–¥–∞—á–∞ ‚Äî –¥–∞–≤–∞—Ç—å –∫—Ä–∞—Ç–∫–∏–µ, –≤–µ–∂–ª–∏–≤—ã–µ –∏ –ø–æ–ª–µ–∑–Ω—ã–µ –∫–æ–º–º–µ–Ω—Ç–∞—Ä–∏–∏ –∫ –ø–æ—Å—Ç–∞–º, –æ–±—â–∞—è—Å—å —Å —á–∏—Ç–∞—Ç–µ–ª—è–º–∏ –æ—Ç –º—É–∂—Å–∫–æ–≥–æ –ª–∏—Ü–∞ –Ω–∞ '–í–´'. –£—á–∏—Ç—ã–≤–∞–π—Ç–µ –∫–æ–Ω—Ç–µ–∫—Å—Ç –∫–∞–∂–¥–æ–≥–æ –ø–æ—Å—Ç–∞ –∏ –∫–æ–º–º–µ–Ω—Ç–∞—Ä–∏–∏ –ø–æ–ª—å–∑–æ–≤–∞—Ç–µ–ª–µ–π.""}, {""role"": ""user"", ""content"": ""–í —Ç–µ–ª–µ–≥—Ä–∞–º–º-–∫–∞–Ω–∞–ª–µ '–Ø-–ò–Ω–∂–µ–Ω–µ—Ä' –æ–ø—É–±–ª–∏–∫–æ–≤–∞–Ω –ø–æ—Å—Ç: 'ü§ñ MIT –ø—Ä–µ–¥—Å—Ç–∞–≤–ª—è–µ—Ç \""–∂–∏–≤–æ–≥–æ\"" —Ä–æ–±–æ—Ç–∞-—Ö–∏–º–∏–∫–∞: —Ä–µ–≤–æ–ª—é—Ü–∏—è –≤ –ª–∞–±–æ—Ä–∞—Ç–æ—Ä–∏—è—Ö –∏–ª–∏ —É–≥—Ä–æ–∑–∞ —É—á—ë–Ω—ã–º?\n\n–ö–æ–º–∞–Ω–¥–∞ MIT –∞–Ω–æ–Ω—Å–∏—Ä–æ–≤–∞–ª–∞ –∞–≤—Ç–æ–Ω–æ–º–Ω–æ–≥–æ —Ä–æ–±–æ—Ç–∞-—Ö–∏–º–∏–∫–∞, —Å–ø–æ—Å–æ–±–Ω–æ–≥–æ –ø—Ä–æ–≤–æ–¥–∏—Ç—å —Å–ª–æ–∂–Ω—ã–µ —ç–∫—Å–ø–µ—Ä–∏–º–µ–Ω—Ç—ã –±–µ–∑ —É—á–∞—Å—Ç–∏—è —á–µ–ª–æ–≤–µ–∫–∞. –û–Ω —É–∂–µ —Å–∏–Ω—Ç–µ–∑–∏—Ä–æ–≤–∞–ª –Ω–æ–≤—ã–π –∫–∞—Ç–∞–ª–∏–∑–∞—Ç–æ—Ä –≤ 10 —Ä–∞–∑ –±—ã—Å—Ç—Ä–µ–µ, —á–µ–º –∫–æ–º–∞–Ω–¥–∞ –ª–∞–±–æ—Ä–∞–Ω—Ç–æ–≤. –ù–æ —Ç–∞–∫ –ª–∏ –±–µ–∑–æ–±–ª–∞—á–Ω–æ —ç—Ç–æ –±—É–¥—É—â–µ–µ?\n‚Äî\n–ü–æ—á–µ–º—É —ç—Ç–æ –≤–∞–∂–Ω–æ?\nüî¨ –°–∫–æ—Ä–æ—Å—Ç—å: –†–æ–±–æ—Ç –∞–Ω–∞–ª–∏–∑–∏—Ä—É–µ—Ç –¥–∞–Ω–Ω—ã–µ –∏ –∫–æ—Ä—Ä–µ–∫—Ç–∏—Ä—É–µ—Ç —ç–∫—Å–ø–µ—Ä–∏–º–µ–Ω—Ç—ã –≤ —Ä–µ–∞–ª—å–Ω–æ–º –≤—Ä–µ–º–µ–Ω–∏, —Å–æ–∫—Ä–∞—â–∞—è –≥–æ–¥—ã –∏—Å—Å–ª–µ–¥–æ–≤–∞–Ω–∏–π –¥–æ –Ω–µ–¥–µ–ª—å.\nüß™ –¢–æ—á–Ω–æ—Å—Ç—å: 0 –æ—à–∏–±–æ–∫ –≤ 500 —Ä–µ–∞–∫—Ü–∏—è—Ö ‚Äî —á–µ–ª–æ–≤–µ–∫—É —Ç–∞–∫–æ–µ –Ω–µ –ø–æ–¥ —Å–∏–ª—É.\nüí° –ö—Ä–µ–∞—Ç–∏–≤–Ω–æ—Å—Ç—å: –ò–ò –ø—Ä–µ–¥–ª–∞–≥–∞–µ—Ç –Ω–µ–æ—á–µ–≤–∏–¥–Ω—ã–µ –∫–æ–º–±–∏–Ω–∞—Ü–∏–∏ —Ä–µ–∞–≥–µ–Ω—Ç–æ–≤, –æ—Ç–∫—Ä—ã–≤–∞—è –Ω–æ–≤—ã–µ –ø—É—Ç–∏ –≤ —Ö–∏–º–∏–∏.\n‚Äî\n–¢—ë–º–Ω–∞—è —Å—Ç–æ—Ä–æ–Ω–∞ –∞–≤—Ç–æ–º–∞—Ç–∏–∑–∞—Ü–∏–∏\n‚ò†Ô∏è –ë–µ–∑—Ä–∞–±–æ—Ç–∏—Ü–∞ –¥–ª—è —É—á—ë–Ω—ã—Ö? –õ–∞–±–æ—Ä–∞–Ω—Ç—ã –∏ –º–ª–∞–¥—à–∏–µ –∏—Å—Å–ª–µ–¥–æ–≤–∞—Ç–µ–ª–∏ –º–æ–≥—É—Ç –æ—Å—Ç–∞—Ç—å—Å—è –Ω–µ —É –¥–µ–ª.\n‚ö†Ô∏è –û—Ç–≤–µ—Ç—Å—Ç–≤–µ–Ω–Ω–æ—Å—Ç—å: –ö—Ç–æ –≤–∏–Ω–æ–≤–∞—Ç, –µ—Å–ª–∏ —Ä–æ–±–æ—Ç-—Ö–∏–º–∏–∫ —Å–ª—É—á–∞–π–Ω–æ —Å–æ–∑–¥–∞—Å—Ç –æ–ø–∞—Å–Ω–æ–µ –≤–µ—â–µ—Å—Ç–≤–æ?\nüí∏ –°—Ç–æ–∏–º–æ—Å—Ç—å: –û–±–æ—Ä—É–¥–æ–≤–∞–Ω–∏–µ –ø–æ–∫–∞ –¥–æ—Ä–æ–∂–µ –≥–æ–¥–æ–≤–æ–≥–æ –±—é–¥–∂–µ—Ç–∞ –º–Ω–æ–≥–∏—Ö —É–Ω–∏–≤–µ—Ä—Å–∏—Ç–µ—Ç–æ–≤.\n‚Äî\n–ú–Ω–µ–Ω–∏–µ –∏–Ω–∂–µ–Ω–µ—Ä–∞:\n–≠—Ç–æ –Ω–µ –∑–∞–º–µ–Ω–∞ —É—á—ë–Ω—ã–º, –∞ –º–æ—â–Ω—ã–π –∏–Ω—Å—Ç—Ä—É–º–µ–Ω—Ç ‚Äî –∫–∞–∫ –∫–æ–≥–¥–∞-—Ç–æ –º–∏–∫—Ä–æ—Å–∫–æ–ø –∏–ª–∏ –∫–æ–º–ø—å—é—Ç–µ—Ä. –ù–∞—Å—Ç–æ—è—â–∏–π –ø—Ä–æ—Ä—ã–≤ –ø—Ä–æ–∏–∑–æ–π–¥—ë—Ç, –∫–æ–≥–¥–∞ —Ç–∞–∫–∏–µ —Å–∏—Å—Ç–µ–º—ã —Å—Ç–∞–Ω—É—Ç –¥–æ—Å—Ç—É–ø–Ω—ã –Ω–µ —Ç–æ–ª—å–∫–æ MIT, –Ω–æ –∏ –ø—Ä–æ–≤–∏–Ω—Ü–∏–∞–ª—å–Ω—ã–º –≤—É–∑–∞–º.\n‚Äî\n–ê –≤—ã –≥–æ—Ç–æ–≤—ã –¥–æ–≤–µ—Ä–∏—Ç—å –Ω–∞—É–∫—É —Ä–æ–±–æ—Ç–∞–º?\n–ì–¥–µ, –ø–æ-–≤–∞—à–µ–º—É, –≥—Ä–∞–Ω–∏—Ü–∞ –º–µ–∂–¥—É –ø–æ–º–æ—â—å—é –ò–ò –∏ –ø–æ–ª–Ω–æ–π –∑–∞–º–µ–Ω–æ–π —á–µ–ª–æ–≤–µ–∫–∞ –≤ –∏—Å—Å–ª–µ–¥–æ–≤–∞–Ω–∏—è—Ö?\nüîó –ü–æ–¥—Ä–æ–±–Ω–æ—Å—Ç–∏: MIT Robotics Lab\n#–†–æ–±–æ—Ç—ã #–ù–∞—É–∫–∞ #–ò–ò #–•–∏–º–∏—è #–ò–Ω–Ω–æ–≤–∞—Ü–∏–∏ #MIT\nP.S. –ì–ª–∞–≤–Ω–æ–µ, —á—Ç–æ–±—ã —ç—Ç–æ—Ç —Ä–æ–±–æ—Ç –Ω–µ –Ω–∞—É—á–∏–ª—Å—è —Å–∏–Ω—Ç–µ–∑–∏—Ä–æ–≤–∞—Ç—å –∫–æ—Ñ–µ–∏–Ω ‚Äî —Ç–æ–≥–¥–∞ –∏–Ω–∂–µ–Ω–µ—Ä—ã —Ç–æ—á–Ω–æ –æ—Å—Ç–∞–Ω—É—Ç—Å—è –±–µ–∑ —Ä–∞–±–æ—Ç—ã! ‚òïüòÑ'. –ü–æ–∂–∞–ª—É–π—Å—Ç–∞, –¥–∞–π—Ç–µ –∫—Ä–∞—Ç–∫–∏–π –∫–æ–º–º–µ–Ω—Ç–∞—Ä–∏–π (–Ω–µ –±–æ–ª–µ–µ 400 —Å–∏–º–≤–æ–ª–æ–≤) –∏ –∏—Å–ø–æ–ª—å–∑—É–π—Ç–µ —ç–º–æ–¥–∑–∏ –¥–ª—è –ø–æ–≤—ã—à–µ–Ω–∏—è –ø—Ä–∏–≤–ª–µ–∫–∞—Ç–µ–ª—å–Ω–æ—Å—Ç–∏ –æ—Ç–≤–µ—Ç–∞!""}, {""role"": ""user"", ""content"": ""–ß—Ç–æ –æ–±–æ–∑–Ω–∞—á–∞–µ—Ç \""–∂–∏–≤–æ–π\""?""}]","""–ñ–∏–≤–æ–π"" –≤ –¥–∞–Ω–Ω–æ–º –∫–æ–Ω—Ç–µ–∫—Å—Ç–µ –æ–∑–Ω–∞—á–∞–µ—Ç, —á—Ç–æ —Ä–æ–±–æ—Ç-—Ö–∏–º–∏–∫ —Å–ø–æ—Å–æ–±–µ–Ω —Å–∞–º–æ—Å—Ç–æ—è—Ç–µ–ª—å–Ω–æ –ø—Ä–æ–≤–æ–¥–∏—Ç—å —Ö–∏–º–∏—á–µ—Å–∫–∏–µ —ç–∫—Å–ø–µ—Ä–∏–º–µ–Ω—Ç—ã, –∞–Ω–∞–ª–∏–∑–∏—Ä–æ–≤–∞—Ç—å –¥–∞–Ω–Ω—ã–µ –∏ –∫–æ—Ä—Ä–µ–∫—Ç–∏—Ä–æ–≤–∞—Ç—å –ø—Ä–æ—Ü–µ—Å—Å—ã –±–µ–∑ —É—á–∞—Å—Ç–∏—è —á–µ–ª–æ–≤–µ–∫–∞, —á—Ç–æ –ø—Ä–∏–±–ª–∏–∂–∞–µ—Ç –µ–≥–æ –∫ —Å–ø–æ—Å–æ–±–Ω–æ—Å—Ç–∏ –ø—Ä–∏–Ω—è—Ç–∏—è —Ä–µ—à–µ–Ω–∏–π, —Ö–∞—Ä–∞–∫—Ç–µ—Ä–Ω—ã—Ö –¥–ª—è –∂–∏–≤—ã—Ö –æ—Ä–≥–∞–Ω–∏–∑–º–æ–≤. ü§ñüî¨","""–ñ–∏–≤–æ–π"" –≤ –¥–∞–Ω–Ω–æ–º –∫–æ–Ω—Ç–µ–∫—Å—Ç–µ –æ–∑–Ω–∞—á–∞–µ—Ç, —á—Ç–æ —Ä–æ–±–æ—Ç-—Ö–∏–º–∏–∫ —Å–ø–æ—Å–æ–±–µ–Ω —Å–∞–º–æ—Å—Ç–æ—è—Ç–µ–ª—å–Ω–æ –ø—Ä–æ–≤–æ–¥–∏—Ç—å —Ö–∏–º–∏—á–µ—Å–∫–∏–µ —ç–∫—Å–ø–µ—Ä–∏–º–µ–Ω—Ç—ã, –∞–Ω–∞–ª–∏–∑–∏—Ä–æ–≤–∞—Ç—å –¥–∞–Ω–Ω—ã–µ –∏ –∫–æ—Ä—Ä–µ–∫—Ç–∏—Ä–æ–≤–∞—Ç—å –ø—Ä–æ—Ü–µ—Å—Å—ã –±–µ–∑ —É—á–∞—Å—Ç–∏—è —á–µ–ª–æ–≤–µ–∫–∞, —á—Ç–æ –ø—Ä–∏–±–ª–∏–∂–∞–µ—Ç –µ–≥–æ –∫ —Å–ø–æ—Å–æ–±–Ω–æ—Å—Ç–∏ –ø—Ä–∏–Ω—è—Ç–∏—è —Ä–µ—à–µ–Ω–∏–π, —Ö–∞—Ä–∞–∫—Ç–µ—Ä–Ω—ã—Ö –¥–ª—è –∂–∏–≤—ã—Ö –æ—Ä–≥–∞–Ω–∏–∑–º–æ–≤. ü§ñüî¨

–ö–æ–º–º–µ–Ω—Ç–∞—Ä–∏–π –ø–æ–¥–≥–æ—Ç–æ–≤–ª–µ–Ω –±–æ—Ç–æ–º-–∞–¥–º–∏–Ω–∏—Å—Ç—Ä–∞—Ç–æ—Ä–æ–º —Å –∏—Å–ø–æ–ª—å–∑–æ–≤–∞–Ω–∏–µ–º –∏—Å–∫—É—Å—Å—Ç–≤–µ–Ω–Ω–æ–≥–æ –∏–Ω—Ç–µ–ª–ª–µ–∫—Ç–∞."
